rule,n_cands,mean_sigma_UM_worst_case_asin_lex,variance_sigma_UM_worst_case_asin_lex,mean_sigma_UM_worst_case_asin_random,variance_sigma_UM_worst_case_asin_random,mean_sigma_UM_average_asin_lex,variance_sigma_UM_average_asin_lex,mean_sigma_UM_average_asin_random,variance_sigma_UM_average_asin_random,mean_sigma_UM_worst_case_odds_lex,variance_sigma_UM_worst_case_odds_lex,mean_sigma_UM_worst_case_odds_random,variance_sigma_UM_worst_case_odds_random,mean_sigma_UM_average_odds_lex,variance_sigma_UM_average_odds_lex,mean_sigma_UM_average_odds_random,variance_sigma_UM_average_odds_random,mean_sigma_UM_winner_set_worst_case_asin_lex,variance_sigma_UM_winner_set_worst_case_asin_lex,mean_sigma_UM_winner_set_worst_case_asin_random,variance_sigma_UM_winner_set_worst_case_asin_random,mean_sigma_UM_winner_set_average_asin_lex,variance_sigma_UM_winner_set_average_asin_lex,mean_sigma_UM_winner_set_average_asin_random,variance_sigma_UM_winner_set_average_asin_random,mean_sigma_UM_winner_set_worst_case_odds_lex,variance_sigma_UM_winner_set_worst_case_odds_lex,mean_sigma_UM_winner_set_worst_case_odds_random,variance_sigma_UM_winner_set_worst_case_odds_random,mean_sigma_UM_winner_set_average_odds_lex,variance_sigma_UM_winner_set_average_odds_lex,mean_sigma_UM_winner_set_average_odds_random,variance_sigma_UM_winner_set_average_odds_random,mean_sigma_IIA_worst_case_lex,variance_sigma_IIA_worst_case_lex,mean_sigma_IIA_worst_case_random,variance_sigma_IIA_worst_case_random,mean_sigma_IIA_average_lex,variance_sigma_IIA_average_lex,mean_sigma_IIA_average_random,variance_sigma_IIA_average_random,mean_sigma_IIA_all_subset_worst_case_lex,variance_sigma_IIA_all_subset_worst_case_lex,mean_sigma_IIA_all_subset_worst_case_random,variance_sigma_IIA_all_subset_worst_case_random,mean_sigma_IIA_all_subset_average_lex,variance_sigma_IIA_all_subset_average_lex,mean_sigma_IIA_all_subset_average_random,variance_sigma_IIA_all_subset_average_random,mean_sigma_IIA_winner_set_worst_case_lex,variance_sigma_IIA_winner_set_worst_case_lex,mean_sigma_IIA_winner_set_worst_case_random,variance_sigma_IIA_winner_set_worst_case_random,mean_sigma_IIA_winner_set_average_lex,variance_sigma_IIA_winner_set_average_lex,mean_sigma_IIA_winner_set_average_random,variance_sigma_IIA_winner_set_average_random
borda,6,0.96923970877303,0.0020354750517548666,0.96923970877303,0.0020354750517548666,1.0,0.0,1.0,0.0,0.9858769443089506,0.0006419836635547062,0.9858769443089506,0.0006419836635547062,1.0,0.0,1.0,0.0,0.9902740014966994,0.0008019309720857442,0.9902740014966994,0.0008019309720857442,1.0,0.0,1.0,0.0,0.9957432027472277,0.00022086993930215562,0.9957432027472277,0.00022086993930215562,1.0,0.0,1.0,0.0,0.9517073170731708,0.0042531826293872674,0.9517073170731708,0.0042531826293872674,0.9853658536585366,0.00050670896952872,0.9853658536585366,0.00050670896952872,0.5800000000000001,0.2073235772357724,0.5800000000000001,0.2073235772357724,0.9760289634146342,0.0010503907282784718,0.9760213414634148,0.0010515297994538636,1.0,0.0,1.0,0.0,0.9822493224932248,0.0018322335323624247,0.9822493224932248,0.0018322335323624247
borda,7,0.9557410515387151,0.0023910563114458755,0.9557410515387151,0.0023910563114458755,1.0,0.0,1.0,0.0,0.9794474848919841,0.0008694178246331349,0.9794474848919841,0.0008694178246331349,1.0,0.0,1.0,0.0,0.9912544799705044,0.0007532756774280649,0.9912544799705044,0.0007532756774280649,1.0,0.0,1.0,0.0,0.996056727483587,0.00020119621263016755,0.996056727483587,0.00020119621263016755,1.0,0.0,1.0,0.0,0.9586288416075651,0.002118214487310608,0.9586288416075651,0.002118214487310608,0.9885173927727121,0.00022195555619427675,0.9885173927727121,0.00022195555619427675,0.5011820330969268,0.20767393770713524,0.5014184397163121,0.20784668779236457,0.9794280067966903,0.0005492839398885717,0.9794233894799054,0.0005494222061151,1.0,0.0,1.0,0.0,0.9886018237082067,0.0009254682709057669,0.9886018237082067,0.0009254682709057669
borda,8,0.9536043368805598,0.002274441867041099,0.9536043368805598,0.002274441867041099,1.0,0.0,1.0,0.0,0.9790613402759759,0.0008430277616436152,0.9790613402759759,0.0008430277616436152,1.0,0.0,1.0,0.0,0.9903512659981613,0.0008809525427994568,0.9903512659981613,0.0008809525427994568,1.0,0.0,1.0,0.0,0.9954488918731831,0.00033202754820654124,0.9954488918731831,0.00033202754820654124,1.0,0.0,1.0,0.0,0.9675638371290545,0.0012154690343546232,0.9675638371290545,0.0012154690343546232,0.9911433172302737,0.00015297218640853948,0.9911433172302737,0.00015297218640853948,0.4341384863123994,0.20350445103088105,0.4341384863123994,0.20350445103088105,0.9811889845008053,0.0004599573653798082,0.9811927586553946,0.00045995912216976147,1.0,0.0,1.0,0.0,0.985859500805153,0.0013353933370025496,0.985859500805153,0.0013353933370025496
borda,9,0.9437244608026513,0.0026216128399900156,0.9437244608026513,0.0026216128399900156,1.0,0.0,1.0,0.0,0.9727116493980988,0.0010601827133574987,0.9727116493980988,0.0010601827133574987,1.0,0.0,1.0,0.0,0.9928724583048364,0.0007211392096814441,0.9928724583048364,0.0007211392096814441,1.0,0.0,1.0,0.0,0.9963722710756482,0.00024250004215224547,0.9963722710756482,0.00024250004215224547,1.0,0.0,1.0,0.0,0.9763922518159803,0.00048037744255990207,0.9763922518159803,0.00048037744255990207,0.9939131019639496,5.0359086786426966e-05,0.9939131019639496,5.0359086786426966e-05,0.4319209039548022,0.1827569504293146,0.4319209039548022,0.1827569504293146,0.9872359182682606,0.00014397489418479815,0.9872386769193905,0.0001439381863578822,1.0,0.0,1.0,0.0,0.9907407407407407,0.0005202157587593875,0.9910546139359698,0.0005143047757983873
3-approval,6,0.9595140384524797,0.003116188208118042,0.9595140384524797,0.003116188208118042,1.0,0.0,1.0,0.0,0.9778949979986152,0.0013944892802903394,0.9778949979986152,0.0013944892802903394,1.0,0.0,1.0,0.0,0.9870756727288511,0.001281219743224091,0.9870756727288511,0.001281219743224091,1.0,0.0,1.0,0.0,0.993297499153784,0.0005608405987346158,0.993297499153784,0.0005608405987346158,1.0,0.0,1.0,0.0,0.9360975609756099,0.005623795359904817,0.9360975609756099,0.005623795359904817,0.9732520325203252,0.001223570625950162,0.9733333333333333,0.0012238482384823851,0.547479674796748,0.1971711547359376,0.547479674796748,0.1971711547359376,0.9622662601626017,0.0022233532247670036,0.9622865853658538,0.0022233623132725225,0.9951219512195122,0.004854253420582986,0.9951219512195122,0.004854253420582986,0.974728997289973,0.0067264396559954765,0.974728997289973,0.0067264396559954765
3-approval,7,0.9575391682275601,0.0027356072221407387,0.9571131916735268,0.0027504217274498433,1.0,0.0,1.0,0.0,0.9788069610431377,0.001217848386556615,0.9788069610431377,0.001217848386556615,1.0,0.0,1.0,0.0,0.9921944109174371,0.0007956566514957205,0.9917684343634033,0.0008399957985252843,1.0,0.0,1.0,0.0,0.9959952837840522,0.0002961014055396879,0.9959952837840522,0.0002961014055396879,1.0,0.0,1.0,0.0,0.9569739952718679,0.002750811774502735,0.9567375886524825,0.002746173063058531,0.9811212428233707,0.0007304196933203811,0.9812225599459641,0.0007403461023931397,0.3783687943262411,0.19292452592927925,0.3813238770685579,0.1931421401785066,0.9539330304373522,0.002002075295770523,0.954082631501182,0.0020095042739884457,1.0,0.0,1.0,0.0,0.9842536305302262,0.002734775670910855,0.9842536305302262,0.002734775670910855
3-approval,8,0.9417885770957738,0.0037269238651410712,0.9417885770957738,0.0037269238651410712,1.0,0.0,1.0,0.0,0.9674396394433605,0.002352873986547076,0.9674396394433605,0.002352873986547076,1.0,0.0,1.0,0.0,0.9910084298258882,0.0008421874144689143,0.991270598877354,0.0008326056541147317,1.0,0.0,1.0,0.0,0.995673618652589,0.00030118462487129953,0.9957431553035722,0.00030078055707821565,1.0,0.0,1.0,0.0,0.9572118702553486,0.0016088771152233203,0.9569818265470438,0.0016220013019404898,0.9817690361168623,0.00044882204867602104,0.9815965033356338,0.00045277121171541124,0.25056360708534625,0.15047606452633408,0.25056360708534625,0.15047606452633408,0.9518432252127905,0.0016764053188039086,0.9516856093282724,0.0016860616024278413,0.998792270531401,0.000300473756680436,0.998792270531401,0.000300473756680436,0.9824376006441223,0.002607620737291937,0.9808776167471821,0.0031044599284049163
3-approval,9,0.9244571198540011,0.003828983366050047,0.9236971463169928,0.0037817366803128377,1.0,0.0,1.0,0.0,0.9560604948619621,0.002326514689501017,0.9560604948619621,0.002326514689501017,1.0,0.0,1.0,0.0,0.9923228803664583,0.0008785713563094892,0.9923228803664583,0.0008785713563094892,1.0,0.0,1.0,0.0,0.9956218533920626,0.0003295716193384413,0.9952942134615674,0.00033926241515221594,1.0,0.0,1.0,0.0,0.9661016949152542,0.0009046925291231107,0.9661016949152542,0.0009263113461414435,0.9872881355932205,0.00018484337354804256,0.9873217648641378,0.00018316168381659972,0.2449152542372882,0.15262480449423857,0.2449152542372882,0.15262480449423857,0.957762292549435,0.0009919828124256252,0.9575652854494551,0.0010061829381126125,1.0,0.0,1.0,0.0,0.9901129943502825,0.0012085989827592388,0.9901129943502825,0.0012085989827592388
2-approval,6,0.9174540073495026,0.005840501190423535,0.9174540073495026,0.005840501190423535,0.9995696901703067,3.777397610425979e-05,0.9995696901703067,3.777397610425979e-05,0.9435113190902116,0.004610065822266223,0.9435113190902116,0.004610065822266223,0.9998173593372826,6.804952782286256e-06,0.9998173593372826,6.804952782286256e-06,0.9735526598930562,0.0030498900769748206,0.9735526598930562,0.0030498900769748206,0.9993163455416482,9.534621735856771e-05,0.9993163455416482,9.534621735856771e-05,0.9830694353953812,0.0018012991589857234,0.9830694353953812,0.0018012991589857234,0.9995559433522125,4.022600651463701e-05,0.9995559433522125,4.022600651463701e-05,0.8912195121951222,0.00938631766805473,0.8917073170731707,0.009443426531826296,0.9559349593495936,0.0022479740894969925,0.9559349593495936,0.0022479740894969925,0.19463414634146345,0.12460535395597858,0.19463414634146345,0.12460535395597858,0.9100330284552846,0.0061272518837993265,0.9100457317073171,0.006128419317825038,1.0,0.0,1.0,0.0,0.9667344173441734,0.005458629857301285,0.9667344173441734,0.005458629857301285
2-approval,7,0.8695040837614351,0.0054505474434402,0.8695040837614351,0.0054505474434402,1.0,0.0,1.0,0.0,0.9016642428447612,0.00636036340751428,0.9016642428447612,0.00636036340751428,1.0,0.0,1.0,0.0,0.9634250632389346,0.004474470096816861,0.9634250632389346,0.004474470096816861,1.0,0.0,1.0,0.0,0.9742887433767835,0.0031581116643068607,0.9742887433767835,0.0031581116643068607,1.0,0.0,1.0,0.0,0.9087470449172579,0.00440733475289081,0.9087470449172579,0.00440733475289081,0.9634582911178656,0.0008615160431323745,0.9634245187436677,0.0008612981936399125,0.07836879432624114,0.053389458947403726,0.07836879432624114,0.053389458947403726,0.90848385786052,0.002993172908434362,0.9084709293735224,0.0029936696281582563,1.0,0.0,1.0,0.0,0.9639479905437351,0.004189268551509602,0.9639479905437351,0.004189268551509602
2-approval,8,0.8612957904945941,0.004516966020537664,0.8612957904945941,0.004516966020537664,1.0,0.0,1.0,0.0,0.8953799579740378,0.005430129036559947,0.8953799579740378,0.005430129036559947,1.0,0.0,1.0,0.0,0.9572815056737131,0.004878434650412507,0.9572815056737131,0.004878434650412507,1.0,0.0,1.0,0.0,0.9701719203186149,0.003359676483962844,0.9701719203186149,0.003359676483962844,1.0,0.0,1.0,0.0,0.9183344835518747,0.003113078257355668,0.9185645272601795,0.003139644151436389,0.9707556935817805,0.0005611482848407865,0.9707556935817805,0.0005635445734689592,0.045410628019323676,0.028318980606315207,0.045410628019323676,0.028318980606315207,0.9174272486772489,0.002556358693426453,0.9174194307855994,0.002556770634265354,1.0,0.0,1.0,0.0,0.969957729468599,0.0032306854448178493,0.9695048309178744,0.0032803237823519796
2-approval,9,0.8427145626934702,0.005645146628246379,0.8427145626934702,0.005645146628246379,1.0,0.0,1.0,0.0,0.8717423046292678,0.009146418896962043,0.8717423046292678,0.009146418896962043,1.0,0.0,1.0,0.0,0.9469938808311622,0.0071828677780801,0.9469938808311622,0.0071828677780801,1.0,0.0,1.0,0.0,0.9580038128504694,0.006738182234464643,0.9580038128504694,0.006738182234464643,1.0,0.0,1.0,0.0,0.9249394673123487,0.0017379330358974958,0.9249394673123487,0.0017379330358974958,0.9745090126446059,0.00024592252554250354,0.9745090126446059,0.00024592252554250354,0.04576271186440678,0.032312553863832236,0.04576271186440678,0.032312553863832236,0.9251624451422518,0.0016365353080306504,0.9251572431144067,0.0016359771815709998,1.0,0.0,1.0,0.0,0.9694758317639672,0.002196108730955307,0.9694758317639672,0.002196108730955307
plurality,6,0.7993269178486458,0.009359439343891636,0.7995490808462233,0.009372315696277342,1.0,0.0,1.0,0.0,0.8035253626377387,0.0168079310259778,0.8035253626377387,0.0168079310259778,1.0,0.0,1.0,0.0,0.895974184203607,0.01439089883566814,0.895974184203607,0.01439089883566814,0.9998774097818074,3.065785765691601e-06,0.9998774097818074,3.065785765691601e-06,0.8999214692150764,0.017922033344342645,0.9007298315844143,0.01794922213851966,0.9999848283174163,4.6956710293800566e-08,0.9999848283174163,4.6956710293800566e-08,0.7951219512195122,0.010512790005948843,0.7951219512195122,0.010512790005948843,0.9267479674796749,0.0017411858021019226,0.9269918699186993,0.0017592438363408015,0.040650406504065054,0.024092801903628797,0.040650406504065054,0.024092801903628797,0.872515243902439,0.004349030086051622,0.8725025406504066,0.004348383240072873,1.0,0.0,1.0,0.0,0.9289295392953929,0.004911162153626957,0.9289295392953929,0.004911162153626957
plurality,7,0.7781368637216899,0.00815096875550235,0.7781368637216899,0.00815096875550235,0.99995024430507,6.956517990095863e-07,0.99995024430507,6.956517990095863e-07,0.7754827033989908,0.01608718046943635,0.7754827033989908,0.01608718046943635,0.999996557109186,3.33083270092502e-09,0.999996557109186,3.33083270092502e-09,0.8699217596061338,0.015145834791614113,0.8699913862239718,0.01512833059330619,0.9997401215291923,1.897784630459625e-05,0.9997401215291923,1.897784630459625e-05,0.8729473651600586,0.0195280054045998,0.8730657737727036,0.019495250293365556,0.9999076476781911,2.396635327528993e-06,0.9999076476781911,2.396635327528993e-06,0.8401891252955083,0.005256386611449232,0.8401891252955083,0.005256386611449232,0.9465045592705167,0.0007329050024516618,0.9465045592705167,0.0007367647023599939,0.020685579196217496,0.014249017766823717,0.020685579196217496,0.014249017766823717,0.8767204122340425,0.002932818932622246,0.8767194887706855,0.00293230819226721,1.0,0.0,1.0,0.0,0.9318642350557244,0.0030839532634139117,0.9320330969267141,0.0031029152938441785
plurality,8,0.7621968187164143,0.0061578485415100664,0.7621968187164143,0.0061578485415100664,1.0,0.0,1.0,0.0,0.7560968258171811,0.01421780863158155,0.7560968258171811,0.01421780863158155,1.0,0.0,1.0,0.0,0.8713604163105056,0.014373764859435097,0.872863200016335,0.014290661155788281,1.0,0.0,1.0,0.0,0.8775738453085037,0.019133983321310714,0.8775738453085037,0.019133983321310714,1.0,0.0,1.0,0.0,0.8672647803082586,0.003337247833702159,0.8672647803082586,0.003337247833702159,0.9597423510466987,0.00038467295558642907,0.9598573729008509,0.00037817370485577426,0.0032206119162640906,0.002136702269727544,0.0032206119162640906,0.002136702269727544,0.8870338919082125,0.0019512175925370124,0.8871906091844951,0.0019514366864503481,0.998389694041868,0.000534175567431886,0.998389694041868,0.000534175567431886,0.9425825281803542,0.00246668250069365,0.9441928341384863,0.001910951911881776
plurality,9,0.752059461629596,0.006241903761691649,0.752059461629596,0.006241903761691649,0.9998729836019498,1.8875803487173992e-06,0.9998729836019498,1.8875803487173992e-06,0.7414329422007417,0.015979659400120503,0.7414329422007417,0.015979659400120503,0.999990612488207,1.0310669186790405e-08,0.999990612488207,1.0310669186790405e-08,0.847614529313472,0.016602298532926302,0.847614529313472,0.016602298532926302,1.0,0.0,1.0,0.0,0.8471669590417817,0.024301742163834877,0.8471669590417817,0.024301742163834877,1.0,0.0,1.0,0.0,0.8940677966101694,0.0019658466661585643,0.8940677966101694,0.0019658466661585643,0.967917675544794,0.0002021963306692653,0.967917675544794,0.0002003280378405205,0.0,0.0,0.0,0.0,0.8963570041364005,0.0011778268052195348,0.8963622455735474,0.0011782110295632234,1.0,0.0,1.0,0.0,0.9433458882611424,0.002178468141181072,0.9433458882611424,0.002178468141181072
stv,6,0.835100160893481,0.008091646005263076,0.835100160893481,0.008091646005263076,1.0,0.0,1.0,0.0,0.8525293877447503,0.01097753502426914,0.8525293877447503,0.01097753502426914,1.0,0.0,1.0,0.0,0.9235168201754144,0.010610023374669578,0.9235168201754144,0.010610023374669578,0.9998774097818074,3.065785765691601e-06,0.9998774097818074,3.065785765691601e-06,0.9322239516875175,0.011518694289647923,0.9322239516875175,0.011518694289647923,0.9999848283174163,4.6956710293800566e-08,0.9999848283174163,4.6956710293800566e-08,0.8141463414634148,0.010873051754907796,0.8141463414634148,0.010873051754907796,0.930569105691057,0.0021549606715579347,0.930569105691057,0.0021549606715579347,0.08211382113821139,0.05518143961927424,0.08211382113821139,0.05518143961927424,0.8861229674796749,0.004422657050408157,0.8861229674796749,0.004422657050408157,1.0,0.0,1.0,0.0,0.9363143631436315,0.003750523277590499,0.9363143631436315,0.003750523277590499
stv,7,0.8011275909143829,0.00823304700290512,0.8011275909143829,0.00823304700290512,1.0,0.0,1.0,0.0,0.8085156859724231,0.014787694675543533,0.8085156859724231,0.014787694675543533,1.0,0.0,1.0,0.0,0.9116189404376623,0.011646478926477456,0.9116189404376623,0.011646478926477456,1.0,0.0,1.0,0.0,0.9200481488822257,0.012765136402663134,0.9200481488822257,0.012765136402663134,1.0,0.0,1.0,0.0,0.8446808510638298,0.00539526851432691,0.8446808510638298,0.00539526851432691,0.9429584599797366,0.0011273437497326775,0.9429584599797366,0.0011273437497326775,0.03368794326241135,0.02339230923997787,0.03368794326241135,0.02339230923997787,0.8856466090425532,0.0030678686740590556,0.8856466090425532,0.0030678686740590556,1.0,0.0,1.0,0.0,0.9373100303951369,0.002748555221595707,0.9373100303951369,0.002748555221595707
stv,8,0.7885861484841473,0.005458159080001035,0.7885861484841473,0.005458159080001035,1.0,0.0,1.0,0.0,0.7966721625157757,0.011006066196384437,0.7966721625157757,0.011006066196384437,1.0,0.0,1.0,0.0,0.905946827852924,0.011225950605547564,0.905946827852924,0.011225950605547564,1.0,0.0,1.0,0.0,0.9169325582389778,0.012322745855400396,0.9169325582389778,0.012322745855400396,1.0,0.0,1.0,0.0,0.8755463538072237,0.002684742905384825,0.8755463538072237,0.002684742905384825,0.95703933747412,0.00044215246134860853,0.95703933747412,0.00044215246134860853,0.010466988727858294,0.005929089489966059,0.010466988727858294,0.005929089489966059,0.8949267274844721,0.001916037856716587,0.8949267274844721,0.001916037856716587,1.0,0.0,1.0,0.0,0.9483192431561995,0.001568208839309098,0.9483192431561995,0.001568208839309098
stv,9,0.7769279984311467,0.005401897554560593,0.7769279984311467,0.005401897554560593,1.0,0.0,1.0,0.0,0.7800822850939394,0.01213209343858547,0.7800822850939394,0.01213209343858547,1.0,0.0,1.0,0.0,0.9024919327230453,0.01149391169376767,0.9024919327230453,0.01149391169376767,1.0,0.0,1.0,0.0,0.9129261007103344,0.012357738798326566,0.9129261007103344,0.012357738798326566,1.0,0.0,1.0,0.0,0.8925544794188862,0.0012862280074339408,0.8925544794188862,0.0012862280074339408,0.9632095776163572,0.000223570867269312,0.9632095776163572,0.000223570867269312,0.0028248587570621473,0.000933639758690032,0.0028248587570621473,0.000933639758690032,0.9012347722457628,0.0011116101767399706,0.9012355604317999,0.0011115433611850094,1.0,0.0,1.0,0.0,0.9421688637790333,0.0021606920913806453,0.9421688637790333,0.0021606920913806453
ranked-pairs,6,0.998893619130561,4.178911466661188e-05,0.998893619130561,4.178911466661188e-05,1.0,0.0,1.0,0.0,0.9997888787735156,1.6554610756085574e-06,0.9997888787735156,1.6554610756085574e-06,1.0,0.0,1.0,0.0,0.9995126738245786,1.615687628732273e-05,0.9995126738245786,1.615687628732273e-05,1.0,0.0,1.0,0.0,0.9999194068399899,4.562478501455306e-07,0.9999194068399899,4.562478501455306e-07,1.0,0.0,1.0,0.0,0.9970731707317072,0.0002841165972635335,0.9970731707317072,0.0002841165972635335,0.9995121951219512,7.892127701764873e-06,0.9995121951219512,7.892127701764873e-06,0.9707317073170731,0.02841165972635336,0.9707317073170731,0.02841165972635336,0.9988109756097562,4.68903368530637e-05,0.9988109756097562,4.68903368530637e-05,1.0,0.0,1.0,0.0,0.999119241192412,5.662414347720722e-05,0.999119241192412,5.662414347720722e-05
ranked-pairs,7,0.9988583708959348,6.890585320126729e-05,0.9988583708959348,6.890585320126729e-05,1.0,0.0,1.0,0.0,0.9996624679800005,1.2804215144436647e-05,0.9996624679800005,1.2804215144436647e-05,1.0,0.0,1.0,0.0,0.9992095729282663,5.898439485531817e-05,0.9992095729282663,5.898439485531817e-05,1.0,0.0,1.0,0.0,0.9997144907646177,1.2410441921828307e-05,0.9997144907646177,1.2410441921828307e-05,1.0,0.0,1.0,0.0,0.9978723404255319,0.00016883791895109222,0.9978723404255319,0.00016883791895109222,0.9996960486322188,3.4456718153284055e-06,0.9996960486322188,3.4456718153284055e-06,0.9680851063829787,0.030896333182435492,0.9680851063829787,0.030896333182435492,0.9989804964539006,3.4802534062044104e-05,0.9989804964539006,3.4802534062044104e-05,1.0,0.0,1.0,0.0,0.9990712597095576,6.145551290952133e-05,0.9990712597095576,6.145551290952133e-05
ranked-pairs,8,0.9973377963736307,0.00014566127085638986,0.9973377963736307,0.00014566127085638986,1.0,0.0,1.0,0.0,0.9992620546241017,2.2431731098648976e-05,0.9992620546241017,2.2431731098648976e-05,1.0,0.0,1.0,0.0,0.9987155870004112,6.513278141068111e-05,0.9987155870004112,6.513278141068111e-05,1.0,0.0,1.0,0.0,0.9996743538471379,5.674738977423387e-06,0.9996743538471379,5.674738977423387e-06,1.0,0.0,1.0,0.0,0.9970094317920405,0.00015537343629681206,0.9970094317920405,0.00015537343629681206,0.9996261789740052,2.4277099421376665e-06,0.9996261789740052,2.4277099421376665e-06,0.9371980676328503,0.0588578496581017,0.9371980676328503,0.0588578496581017,0.9985981711525189,2.986594645597999e-05,0.9985981711525189,2.986594645597999e-05,1.0,0.0,1.0,0.0,0.9989935587761676,4.0922127055992455e-05,0.9989935587761676,4.0922127055992455e-05
ranked-pairs,9,0.9990197475533938,5.9917929004423704e-05,0.9990197475533938,5.9917929004423704e-05,1.0,0.0,1.0,0.0,0.9997039641238917,6.384296739472164e-06,0.9997039641238917,6.384296739472164e-06,1.0,0.0,1.0,0.0,0.9993766919337289,4.5456014620995536e-05,0.9993766919337289,4.5456014620995536e-05,1.0,0.0,1.0,0.0,0.9997777248126059,5.780532294934175e-06,0.9997777248126059,5.780532294934175e-06,1.0,0.0,1.0,0.0,0.99909200968523,5.322259613411573e-05,0.99909200968523,5.322259613411573e-05,0.9998991121872478,6.570690880754985e-07,0.9998991121872478,6.570690880754985e-07,0.9830508474576272,0.016661878770468257,0.9830508474576272,0.016661878770468257,0.9995619656098669,1.238654086130623e-05,0.9995619656098669,1.238654086130623e-05,1.0,0.0,1.0,0.0,0.9996861268047709,1.1526416773950906e-05,0.9996861268047709,1.1526416773950906e-05
