10,4,
1,3,8,6,5,9,7,10,4,
1,7,5,4,1,3,
1,8,5,7,4,10,9,6,3,2,1,
3,2,7,1,
1,3,8,5,7,
1,9,8,4,7,5,1,
2,6,3,7,8,
1,7,8,10,1,
1,2,1,5,8,9,7,
1,4,8,6,3,9,
1,3,6,5,8,9,4,7,10,
1,8,3,6,9,5,
55,1,2,7,5,
1,2,1,7,4,
1,6,3,4,8,9,10,5,7,1,2,
1,8,4,9,3,1,2,5,6,7,10,
1,10,6,4,3,7,8,9,5,1,2,
1,2,1,5,7,8,
1,2,1,4,7,
1,10,3,6,4,5,7,8,9,
1,4,3,8,9,5,6,7,
2,2,7,5,
1,3,6,8,5,7,9,4,10,2,1,
1,6,3,7,10,4,5,
1,3,10,6,5,4,9,1,2,7,8,
1,8,4,3,6,9,
1,4,3,6,5,8,9,10,
1,3,6,8,9,7,5,4,10,2,1,
1,10,5,6,8,
4,8,3,6,9,
1,7,5,1,2,9,8,
1,8,7,9,5,1,10,2,
1,3,4,6,10,9,
2,4,8,9,6,3,
1,5,1,2,8,7,9,
1,8,6,4,3,9,7,5,10,1,2,
1,6,3,4,8,10,9,1,2,7,5,
10,4,3,
3,3,6,4,5,8,
1,4,3,6,10,9,7,5,1,2,
1,7,2,1,9,
1,7,8,5,2,
1,5,7,8,2,
1,8,5,2,7,9,1,
1,5,7,8,3,4,6,
1,5,7,4,8,3,6,10,9,2,1,
1,6,3,1,2,10,8,9,4,5,7,
1,8,9,5,2,
1,2,1,5,9,8,7,6,4,3,10,
1,1,2,9,8,7,5,4,6,3,10,
1,2,1,8,7,5,9,10,4,3,6,
1,5,7,8,2,1,9,10,4,3,6,
3,2,1,8,5,
20,7,5,8,
1,8,5,7,2,4,
1,5,8,3,6,7,9,4,1,2,10,
1,7,5,8,2,9,
6,6,5,3,
1,8,1,2,4,9,
1,1,2,4,7,9,5,8,3,6,
1,7,6,5,
2,8,6,9,
3,8,9,2,1,
1,10,5,8,9,
2,7,3,5,6,4,
2,3,6,7,10,
1,4,9,5,6,3,8,7,2,1,10,
1,8,4,3,6,7,5,10,9,
2,8,9,6,
1,6,9,
4,3,6,7,5,
1,3,6,4,9,8,5,7,
2,5,4,3,8,
1,2,1,5,8,
7,1,2,10,
1,4,3,8,10,6,5,9,7,1,2,
1,9,8,6,
1,6,4,8,3,
2,4,6,3,7,
1,4,2,1,7,
1,9,7,5,4,
3,1,2,4,5,
1,7,8,6,3,
1,8,3,6,4,5,10,9,7,2,1,
1,6,3,4,7,5,8,9,
1,4,6,3,9,8,
1,6,3,8,4,9,
3,9,8,2,
2,2,1,7,8,9,
4,8,6,3,9,
1,4,6,3,10,7,5,8,9,1,2,
1,5,8,1,2,7,
1,3,4,6,5,8,9,7,10,1,2,
17,1,5,2,
1,4,9,3,6,
3,3,6,4,5,7,10,
1,6,8,3,9,
1,4,6,3,10,5,7,9,8,2,1,
1,3,6,5,4,7,8,9,
1,5,7,3,2,
1,7,4,5,3,
1,1,2,3,6,9,
1,1,2,8,5,7,3,9,4,6,10,
2,5,1,8,2,
1,2,1,6,3,5,7,9,
1,6,3,8,9,5,4,10,2,1,7,
1,3,4,6,9,8,5,7,10,1,2,
2,4,5,7,8,
14,5,3,4,
3,4,8,9,5,
2,1,5,2,8,
1,3,5,7,6,10,4,9,8,
1,3,4,6,5,10,7,8,9,1,2,
1,5,10,3,
1,10,7,5,4,
1,4,6,1,
3,7,1,2,9,
1,6,7,4,10,
1,7,5,1,2,9,10,4,
2,5,9,4,3,
1,3,6,4,9,8,10,7,2,1,5,
1,9,2,1,5,7,8,10,6,3,4,
10,4,6,
1,4,3,6,5,7,10,8,
1,10,8,
1,8,5,7,10,4,3,9,2,1,
1,5,9,8,1,2,7,
1,5,4,3,6,7,9,
1,5,8,9,10,6,3,4,2,1,7,
1,6,3,4,5,9,8,
1,3,9,6,4,
300,8,
1,4,8,3,6,5,7,
1,5,4,7,6,3,8,9,
1,8,4,3,5,6,7,9,10,1,2,
3,6,3,4,5,10,
1,8,6,9,4,3,2,1,10,7,5,
1,3,6,4,7,9,10,8,5,2,1,
4,5,7,6,
1,8,3,6,5,7,9,4,
1,4,5,7,3,
1,7,5,6,3,4,
1,5,2,8,
1,8,5,7,3,
1,3,6,4,5,7,8,10,9,1,2,
1,5,4,6,3,9,7,10,8,1,2,
1,6,5,7,3,4,10,9,8,1,2,
1,3,6,9,7,
1,4,9,3,7,8,
1,4,3,5,6,7,
2,5,4,6,7,
2,3,8,1,
2,8,4,9,5,7,
1,8,7,1,5,
2,8,4,10,
1,5,9,3,
2,2,1,3,5,
1,3,6,8,9,4,5,7,
1,3,4,9,6,
1,6,8,4,3,
1,8,6,3,9,10,4,5,1,2,
10,8,9,10,
1,5,6,3,8,4,10,9,7,1,2,
5,4,8,3,6,9,
1,8,5,7,10,9,
46,7,1,2,
1,8,2,9,1,
1,5,7,3,6,4,8,10,9,2,1,
1,8,9,4,5,7,
2,8,9,3,6,
2,3,2,4,
1,1,2,9,10,7,5,
1,3,6,7,4,9,10,8,5,2,1,
1,7,5,9,8,4,
1,3,4,5,6,7,
16,2,1,9,
1,10,8,5,
10,5,3,7,
1,3,6,4,8,9,10,5,2,1,
2,1,2,9,7,8,5,
1,5,4,7,3,8,
1,9,8,2,1,7,
1,8,9,7,1,5,2,
31,5,8,9,
7,3,6,4,10,8,
1,4,3,10,6,8,5,7,9,1,2,
1,2,5,1,9,
12,7,2,1,
1,8,5,3,9,
2,4,6,7,
1,3,6,5,9,8,
1,3,6,10,4,5,8,9,7,1,2,
1,5,7,8,1,2,4,9,10,3,
1,2,7,5,8,
1,1,2,8,9,10,
19,3,6,10,4,
1,5,6,3,8,9,7,4,1,2,10,
1,2,4,8,
1,8,9,3,4,5,6,
1,5,7,6,3,
1,1,2,5,7,9,8,10,
1,9,7,5,8,4,
2,3,5,8,4,
16,5,3,6,
1,6,1,4,
1,8,4,5,9,7,10,6,3,1,2,
7,3,4,6,7,
1,2,1,7,9,5,8,
2,3,6,4,5,10,8,9,7,2,1,
17,5,8,7,
3,7,8,1,
3,3,4,8,9,
1,3,4,9,8,
1,6,3,5,4,10,8,9,7,1,2,
1,3,6,4,9,8,5,10,7,1,2,
1,5,6,4,3,8,
1,5,4,3,6,2,1,
121,6,3,4,
13,3,5,4,
5,8,1,9,
7,3,4,9,
1,5,7,9,4,3,6,
1,2,4,8,9,
1,4,10,7,
1,2,1,8,5,9,
21,1,2,9,8,
1,9,5,4,8,
5,8,3,4,6,
2,6,3,4,8,10,9,7,5,1,2,
1,5,7,10,1,2,
1,3,6,4,10,5,7,9,
1,9,1,2,8,
1,5,3,6,8,4,
9,7,5,9,
1,8,5,9,7,4,
1,1,2,5,10,7,
1,3,7,4,6,
1,5,4,7,8,9,
1,2,1,7,5,10,9,8,4,6,3,
17,5,7,8,9,
1,3,8,9,10,6,
1,3,5,6,4,7,9,8,10,1,2,
1,6,10,5,
2,5,7,1,2,8,9,10,4,3,6,
1,8,10,9,3,2,1,4,7,5,6,
7,8,7,4,
1,8,9,5,7,10,4,1,2,6,3,
2,3,8,6,4,9,
2,1,2,5,7,8,9,4,3,6,10,
1,8,4,5,9,
1,3,5,8,6,7,
2,6,10,3,
1,5,7,8,9,2,1,
1,5,6,3,4,8,
4,8,1,2,5,
1,4,8,5,9,10,3,2,1,7,6,
1,2,8,1,7,5,9,
1,6,9,4,3,
1,9,5,1,
1,3,5,1,2,
1,4,9,10,8,5,7,1,2,3,6,
3,9,4,3,
1,4,5,6,3,
1,3,6,4,10,5,9,8,7,1,2,
1,8,1,2,9,5,
1,1,3,4,
51,5,7,8,
11,6,3,10,
1,4,6,3,8,9,5,
1,3,6,4,10,9,7,5,8,1,2,
2,5,8,1,2,9,7,
1,1,7,9,8,2,
4,1,2,8,4,
1,7,1,2,5,8,9,10,
1,4,1,5,6,2,3,
1,4,5,8,3,
2,7,5,8,9,4,
3,6,8,5,
14,6,3,8,4,
2,3,5,6,8,4,
1,5,8,7,4,3,
1,3,5,6,8,4,7,9,10,1,2,
1,6,3,4,8,9,7,1,2,
1,3,6,5,8,10,
1,9,5,7,4,
1,2,1,5,7,8,9,4,10,6,3,
3,5,7,9,2,
1,4,1,10,6,
6,3,5,6,4,
1,8,5,7,9,10,4,
1,3,4,6,9,8,10,5,7,2,1,
1,3,6,5,4,8,7,9,
1,8,9,10,5,
1,5,10,8,4,
1,3,6,5,4,8,7,9,10,
3,5,1,2,8,
5,7,4,8,
1,5,3,7,8,9,4,6,1,2,10,
1,2,8,1,9,7,5,
1,8,9,3,7,
1,4,9,1,2,5,7,
1,6,3,10,5,
1,7,8,9,1,2,
1,1,5,3,
1,2,5,9,
1,6,5,3,8,10,7,4,9,1,2,
17,3,4,
1,2,1,4,5,7,
1,5,4,10,8,6,3,7,1,2,9,
1,6,3,5,4,9,8,7,10,1,2,
1,8,5,7,9,1,2,3,6,4,10,
1,5,3,4,7,6,8,
1,2,1,7,8,9,3,6,5,4,10,
1,5,6,4,9,
1,5,2,
1,3,5,6,10,4,8,9,1,2,7,
2,5,6,3,8,9,4,
1,5,7,4,2,1,9,10,8,6,3,
1,4,8,3,6,
4,8,9,5,7,4,
1,6,5,3,9,7,
1,5,7,8,9,4,
1,3,4,6,8,9,10,7,5,
4,6,3,10,4,
1,1,2,9,7,8,5,4,10,3,6,
1,4,3,6,10,5,9,8,7,2,1,
1,7,5,1,2,10,9,8,
1,2,8,1,
1,9,8,5,7,4,3,6,1,2,10,
1,5,7,4,3,8,9,6,1,2,10,
1,4,8,9,3,6,7,10,1,2,5,
6,3,4,6,10,
4,5,8,6,
7,9,8,4,
2,5,1,2,7,8,9,
1,3,6,8,5,7,4,9,1,2,10,
1,1,2,8,9,5,10,7,4,3,6,
1,3,4,5,8,6,7,9,
1,6,3,4,8,9,7,5,10,1,2,
1,5,7,8,9,1,2,
3,3,6,4,10,5,8,9,7,2,1,
5,7,1,5,2,
1,6,3,4,5,7,9,8,
1,4,8,6,9,
24,4,8,
2,10,6,3,
1,4,5,10,8,6,3,9,
1,5,4,8,3,6,9,7,
1,3,6,10,4,8,9,5,7,2,1,
1,6,3,4,7,5,10,9,8,1,2,
1,5,6,10,
1,6,3,8,9,10,4,7,5,1,2,
2,4,6,3,5,
1,3,6,7,8,5,4,
1,3,8,6,5,
3,3,4,8,6,
1,3,6,10,5,7,4,9,8,1,2,
1,6,3,8,4,10,9,7,1,5,2,
1,2,10,4,
1,3,6,8,7,4,5,
1,3,6,7,10,4,8,5,2,1,9,
1,4,10,6,3,8,9,5,7,2,1,
1,5,8,6,9,
1,7,3,9,4,5,1,2,6,8,10,
1,3,4,6,5,8,9,7,1,2,10,
1,1,7,8,9,
1,3,4,6,9,5,7,8,10,1,2,
3,8,2,5,
1,6,8,7,5,3,4,
1,3,6,7,8,
4,7,2,1,5,
1,8,6,10,5,4,9,7,3,2,1,
9,3,6,8,9,
1,1,2,8,5,4,
1,3,5,8,4,9,10,6,7,1,2,
2,5,2,1,7,
2,8,9,4,7,5,
1,10,4,6,3,5,9,8,7,2,1,
1,5,7,10,4,1,2,9,8,3,6,
1,4,8,9,7,5,
1,5,4,3,6,7,
1,8,3,10,
1,10,3,6,4,
1,1,2,6,8,3,9,10,7,5,4,
1,9,2,1,
1,5,7,9,10,3,4,1,2,6,8,
3,7,5,4,8,
1,8,7,5,1,4,2,9,10,
1,5,7,4,8,9,2,1,3,6,10,
1,4,7,3,9,5,
1,3,4,6,8,2,
1,1,4,5,8,
1,8,7,9,5,6,3,4,2,1,10,
57,3,6,5,
4,3,4,5,6,
18,8,9,5,7,
1,6,3,5,8,4,7,10,
1,3,8,4,9,10,6,7,5,2,1,
2,1,2,5,8,9,7,
1,5,9,7,8,2,1,4,10,6,3,
1,9,1,2,5,7,4,3,6,8,10,
1,6,4,7,
1,2,1,8,9,7,5,
1,6,3,9,4,
7,8,5,3,
1,5,3,6,7,8,
13,7,5,2,1,
6,2,7,
1,1,8,9,2,
1,1,2,8,5,9,7,
1,5,7,3,6,10,8,4,
1,8,6,4,9,
1,3,6,4,10,7,9,5,8,1,2,
1,3,6,4,10,8,9,5,7,
1,1,2,5,7,8,9,4,10,3,6,
1,3,7,6,5,8,4,10,9,1,2,
18,5,4,7,
47,1,
3,7,5,3,6,
1,3,4,8,5,6,
1,8,9,5,7,4,3,6,
3,8,7,1,
1,8,1,2,7,5,4,9,
1,1,2,4,5,7,8,9,10,6,3,
1,2,8,1,4,10,9,7,5,3,6,
1,7,4,6,
1,1,2,7,4,5,10,9,8,6,
33,3,6,8,4,
1,6,3,4,10,8,9,5,2,1,
8,5,8,7,9,
12,4,3,8,
1,4,2,6,
2,3,6,4,5,8,7,
2,10,3,6,4,5,7,8,9,1,2,
1,9,8,4,10,
1,3,6,7,4,8,
1,5,4,6,7,8,9,3,10,1,2,
1,3,7,8,4,6,5,9,
1,8,5,9,4,7,3,6,10,1,2,
1,2,1,4,8,
1,3,6,10,5,4,
1,5,7,10,6,3,9,8,4,2,1,
1,4,7,8,9,
1,1,2,4,5,7,9,10,8,
1,5,8,7,4,10,9,6,3,2,1,
7,1,8,9,
1,10,4,3,
1,5,6,8,4,3,9,
2,7,5,9,1,2,
1,3,4,6,5,9,10,
1,8,9,5,7,10,3,
15,8,9,1,2,
1,2,10,9,1,
5,6,3,9,
2,1,2,9,4,
1,8,3,2,4,
2,9,3,4,
1,1,2,8,5,9,
1,8,7,9,5,4,1,2,3,6,10,
1,6,7,3,
1,8,5,4,7,9,6,10,3,2,1,
1,1,4,8,10,
2,4,3,10,
1,6,3,4,10,7,5,9,8,1,2,
1,4,3,6,9,5,7,8,10,1,2,
1,4,3,5,6,9,
2,3,8,2,
1,8,4,5,9,3,10,6,7,1,2,
1,2,1,4,5,7,9,10,8,6,3,
2,3,6,4,10,5,
1,4,5,3,7,6,
1,6,3,5,4,7,2,1,8,9,10,
1,8,5,4,3,6,
3,5,7,8,2,1,
1,8,10,5,7,
1,3,6,9,10,8,7,5,4,1,2,
2,5,4,9,7,
1,8,4,3,6,5,7,
1,2,1,5,4,3,6,
1,1,2,9,5,7,10,8,
1,8,7,5,3,6,
1,8,9,4,3,6,5,7,
1,3,6,4,5,10,9,
5,8,5,2,
1,4,5,3,8,
1,1,5,8,2,
1,8,5,4,9,3,7,10,6,2,1,
1,2,1,8,5,7,9,
1,6,3,4,8,9,10,7,5,2,1,
2,2,4,
2,6,3,9,5,
1,7,8,5,1,2,9,
1,1,2,7,5,10,9,4,8,6,3,
11,8,9,3,
2,8,1,6,
8,8,6,4,
2,9,8,7,5,
1,3,4,6,5,8,7,10,9,1,2,
1,6,4,3,10,8,7,5,9,2,1,
1,9,4,7,3,1,2,8,6,5,10,
4,7,5,8,4,
1,6,3,4,5,7,
1,3,6,4,10,9,8,5,7,1,2,
1,8,5,9,7,1,
1,7,8,9,5,
1,5,7,8,4,1,2,9,10,6,3,
1,3,4,6,5,7,9,8,10,1,2,
1,1,2,9,8,7,10,5,4,3,6,
1,3,4,6,2,8,
2,5,8,3,7,
3,4,6,5,
1,2,1,7,5,8,9,
1,5,8,2,1,
1,1,5,8,9,4,
1,3,5,8,4,6,7,9,10,
1,8,10,6,
1,4,3,6,10,9,5,7,8,2,1,
1,3,4,5,7,6,8,
1,5,8,7,6,
2,1,2,9,8,5,
2,1,2,8,9,5,7,4,3,6,10,
4,4,7,3,
1,3,10,4,5,6,
1,4,5,6,
1,6,5,4,8,
1,3,6,5,7,4,10,
1,1,2,9,8,7,5,4,10,3,6,
1,3,6,4,8,9,5,7,10,2,1,
2,8,9,4,2,
1,4,3,9,8,
1,5,8,7,9,1,
1,1,5,2,9,8,
1,6,4,3,7,
1,8,10,1,2,
1,9,3,6,4,5,10,
1,4,3,6,9,8,5,7,1,2,10,
1,3,7,8,5,6,9,
6,8,4,3,6,
2,8,9,1,2,5,7,
9,8,4,5,
1,1,2,10,5,7,4,8,3,6,9,
1,9,8,5,7,2,
2,6,7,5,
1,9,8,5,4,
1,3,4,6,9,8,10,7,5,
1,5,7,1,6,
2,5,7,2,1,9,8,
1,6,5,3,7,
1,4,3,6,8,9,10,1,2,
1,4,8,3,5,6,
1,9,7,3,6,
1,7,9,6,
1,3,8,6,4,9,5,
1,4,2,9,
1,3,5,6,7,8,9,10,4,2,1,
8,7,5,4,
1,7,5,9,1,2,8,
2,1,6,8,
1,7,5,4,9,8,1,2,3,6,
1,1,2,3,6,9,10,7,5,4,8,
1,2,1,5,7,9,10,8,4,
1,4,3,8,9,6,10,5,7,1,2,
1,5,7,9,8,2,1,10,3,6,4,
1,3,6,4,8,10,9,7,5,1,2,
1,3,6,4,10,9,7,5,8,2,1,
1,9,4,5,7,1,10,2,3,6,8,
10,4,5,3,
1,7,4,9,
1,4,6,3,8,5,
1,7,8,9,1,
1,7,9,8,6,2,
1,3,6,4,9,8,5,7,10,1,2,
1,7,5,1,2,6,3,
1,5,9,8,4,3,6,10,7,1,2,
1,8,5,7,9,4,
1,6,8,9,4,
2,8,4,6,3,
3,2,1,5,7,9,
1,6,3,4,10,5,8,9,7,1,2,
3,6,4,5,
2,7,3,4,
1,5,4,7,2,1,9,8,10,6,3,
1,5,1,2,8,7,
1,9,3,4,5,
1,6,3,7,4,10,8,
1,3,4,6,8,5,9,
2,3,6,8,5,4,
1,4,6,3,5,7,
15,3,8,4,
20,5,4,
4,7,5,3,
1,8,4,5,7,9,
1,5,4,6,3,8,
1,6,3,5,9,7,10,4,8,2,1,
1,8,5,3,9,6,7,4,1,2,10,
1,3,6,8,7,5,
2,7,3,4,6,
1,1,2,6,3,9,10,5,4,8,
1,8,9,7,4,6,3,5,
1,2,1,9,7,
1,8,4,7,5,9,
2,1,2,8,9,7,5,
1,6,3,4,5,7,8,9,10,2,1,
1,6,3,10,4,9,8,1,2,5,7,
1,6,3,4,8,10,7,9,2,1,
1,4,3,6,8,7,
1,8,5,4,9,3,
1,1,3,4,6,
1,4,6,3,10,9,5,7,
3,7,1,2,5,8,9,
1,3,6,4,9,5,
1,5,8,4,9,3,6,10,7,1,2,
1,8,1,2,5,7,9,4,10,6,3,
1,1,2,9,7,5,8,4,3,6,10,
1,3,4,8,9,6,
1,3,10,4,6,
1,1,5,8,
1,3,8,6,5,9,10,4,7,
1,8,5,1,2,7,
1,2,1,4,7,9,
1,3,6,4,8,9,5,
2,5,7,8,1,2,9,
8,3,5,6,
1,10,1,9,
1,8,1,5,2,7,4,9,
1,9,1,2,4,
1,3,7,5,
2,9,7,4,
1,4,3,9,7,
1,3,6,9,8,4,
1,5,8,4,9,
1,5,7,4,6,1,2,8,9,10,3,
1,8,1,6,9,
1,8,9,4,2,1,
1,3,9,8,10,7,6,5,
6,8,5,10,
28,3,6,4,5,
1,10,5,6,
1,3,6,5,7,10,4,9,8,
2,3,8,9,6,
1,2,7,8,
1,6,5,7,3,
1,8,9,3,6,4,
1,3,4,8,9,6,5,7,10,1,2,
1,8,9,6,3,4,
3,8,1,2,9,5,7,
1,3,6,4,9,8,10,7,5,1,2,
1,8,1,2,6,9,
3,8,9,5,4,
1,1,2,9,7,4,8,
3,9,1,
1,3,6,4,5,9,10,7,8,1,2,
1,7,4,8,9,5,
2,5,3,4,8,
1,3,6,5,4,7,8,10,
1,3,4,6,5,9,8,7,10,1,2,
2,10,6,3,4,
1,5,3,7,6,8,
1,5,7,8,3,4,6,9,1,2,10,
1,9,2,8,
1,9,10,4,
1,8,5,2,1,
1,4,3,5,8,6,
1,1,2,4,10,
1,1,7,9,8,5,4,6,2,3,10,
1,1,5,7,8,2,
1,3,6,8,4,10,7,5,9,
43,2,1,5,7,
1,5,10,3,6,4,
2,8,1,2,5,7,9,
1,8,5,9,6,
2,9,4,5,
1,3,6,4,5,7,8,9,10,1,2,
1,5,7,8,10,6,2,1,4,9,3,
1,7,3,6,10,
1,5,7,9,2,8,1,
1,3,4,6,8,9,5,
1,5,9,7,1,2,8,3,4,6,10,
1,3,4,6,9,7,10,5,8,1,2,
4,9,8,5,
5,9,7,5,
5,2,1,10,
22,3,6,7,
2,2,1,8,9,5,7,
1,3,6,4,9,7,10,
1,4,5,3,6,10,
1,7,5,2,1,8,9,
1,1,2,6,3,
1,6,7,10,3,
1,1,2,5,7,8,4,9,3,6,10,
2,8,4,9,7,
1,8,7,5,9,10,6,3,4,1,2,
2,2,5,1,7,
9,4,5,
1,1,2,10,7,5,3,4,6,8,9,
1,6,3,5,7,4,10,9,8,1,2,
1,1,5,7,8,9,4,2,
1,4,6,5,7,8,9,10,3,2,1,
1,5,8,7,1,2,
1,3,5,6,4,8,
1,8,2,9,7,
1,4,5,3,10,6,
1,5,3,6,4,10,7,8,9,1,2,
1,8,7,1,2,9,10,5,
1,7,10,3,5,
9,1,5,
1,8,10,9,7,6,5,4,3,2,1,
2,7,6,3,5,4,
1,3,2,6,5,9,
1,5,7,8,6,
18,8,4,3,
4,4,7,5,
3,5,1,7,
1,8,5,7,2,1,
2,8,3,4,9,
1,6,3,4,8,9,10,5,7,
1,1,2,10,5,7,9,8,6,4,3,
1,9,7,5,1,2,4,8,10,6,3,
1,8,5,9,1,
1,3,5,6,8,7,4,9,10,
1,6,4,5,3,7,
1,3,5,7,2,
3,2,8,9,
1,3,6,4,10,5,7,8,
2,3,6,4,10,7,5,9,8,2,1,
1,8,4,10,9,
3,7,8,1,2,9,
1,8,7,6,
1,4,5,8,1,
2,1,2,5,10,
1,8,10,5,9,
1,5,3,4,9,
1,1,2,8,4,9,7,5,
1,6,4,3,10,
1,8,9,5,4,7,
1,8,9,10,7,5,4,
1,5,10,4,
1,3,4,5,6,7,10,
1,3,6,8,9,7,5,4,2,1,
1,3,6,5,9,
1,1,9,2,5,7,8,4,
1,4,9,8,5,
1,1,8,7,10,5,4,6,3,2,9,
1,6,3,4,10,5,9,7,8,1,2,
1,7,4,5,3,6,
2,5,3,10,
2,4,9,7,
1,7,2,1,6,9,8,
2,6,4,10,
1,3,6,9,7,5,4,
1,8,1,2,7,5,4,9,10,3,6,
1,6,3,4,10,5,7,9,8,2,1,
1,3,6,5,4,1,2,7,10,8,9,
1,5,7,1,2,9,8,4,3,6,
1,1,2,3,6,10,
1,1,3,7,5,
1,6,7,8,
1,8,3,9,4,
1,5,3,7,4,
1,6,3,9,4,2,1,5,7,8,10,
2,2,1,8,7,
2,4,5,3,6,8,
2,5,7,9,1,2,8,4,3,6,10,
1,6,5,7,8,4,9,10,
1,7,8,1,2,3,6,9,4,10,5,
1,1,2,5,7,3,6,8,9,4,10,
1,1,2,5,7,9,4,8,3,6,10,
1,7,2,1,5,8,9,
1,7,8,1,9,
1,8,4,5,6,
10,3,8,
1,3,5,6,8,10,
1,8,9,5,4,2,1,6,
1,5,8,10,9,
1,3,6,4,10,8,9,5,7,1,2,
59,3,6,4,8,
1,3,6,8,5,7,9,
5,8,9,4,5,
19,2,
5,8,9,6,3,
2,3,5,1,
1,3,6,4,8,10,7,9,5,
1,8,1,2,5,9,
1,8,4,3,6,7,5,9,
1,5,7,8,9,3,6,
1,5,4,7,1,
1,8,7,9,1,
1,1,3,7,
1,3,8,2,4,
5,4,3,5,
1,1,8,2,5,
3,3,6,4,10,5,7,9,8,1,2,
1,5,7,8,1,2,
1,2,1,8,4,3,7,6,5,9,10,
1,5,8,1,7,
1,9,4,7,
1,1,2,9,8,5,7,10,6,4,3,
1,5,2,10,9,6,7,8,4,3,1,
1,10,7,5,2,1,3,8,6,9,4,
1,8,4,5,9,7,
1,3,5,9,7,
2,3,6,4,8,10,9,
140,5,
1,7,5,6,3,8,10,9,4,2,1,
1,3,5,6,4,8,7,10,9,2,1,
1,6,3,4,8,9,2,1,
2,3,6,4,8,9,7,5,10,1,2,
1,3,9,7,6,5,4,10,8,2,1,
1,5,7,8,9,4,10,1,
1,7,5,1,4,
1,1,2,5,8,9,10,7,6,3,4,
1,3,6,10,5,7,8,1,2,4,9,
1,8,2,1,5,
1,3,5,9,
1,1,2,5,8,7,10,9,4,3,6,
1,6,8,3,4,5,7,9,10,2,1,
1,8,7,5,4,6,
1,8,9,4,7,6,
1,8,4,3,6,9,10,7,5,
1,1,2,9,8,10,7,5,4,3,6,
4,4,3,6,5,8,
10,5,7,3,
1,7,8,9,1,2,3,6,4,
1,5,7,1,2,10,
1,4,1,8,
1,4,3,5,7,
1,10,8,7,
2,3,6,4,10,7,5,9,8,1,2,
1,4,3,6,5,10,
1,8,9,6,4,
2,8,2,3,
1,8,9,5,10,7,
1,4,8,9,5,7,
18,8,5,4,
9,1,2,8,5,
2,1,2,8,7,9,
1,3,6,8,4,9,10,5,7,2,1,
1,1,8,4,
1,8,9,7,5,1,2,10,4,6,3,
1,8,9,10,7,4,
2,4,5,7,8,9,
1,8,7,2,1,9,10,5,
1,5,7,9,3,6,1,2,4,10,8,
1,8,9,7,5,10,
2,2,8,5,
7,3,4,6,8,9,
1,4,3,6,8,7,5,9,10,1,2,
1,6,8,9,5,7,3,4,10,1,2,
1,3,6,4,10,5,9,8,7,
1,6,3,10,4,9,8,1,2,7,5,
1,8,6,3,9,7,5,4,10,
1,5,10,8,9,3,6,7,4,1,2,
1,3,6,5,4,8,7,
1,3,6,8,9,4,7,
1,2,1,7,5,9,8,4,10,6,3,
1,8,5,9,10,
4,2,1,5,7,8,9,
1,5,7,9,4,3,10,
1,3,6,4,10,5,8,9,1,2,7,
1,2,5,7,1,8,
1,1,2,8,9,3,6,4,5,7,10,
1,3,5,9,8,7,6,
1,2,1,5,4,8,9,7,10,6,3,
4,8,7,9,5,
4,3,6,10,5,
1,8,9,4,3,5,
2,1,5,9,
1,1,8,2,7,
1,8,9,7,5,4,10,
1,1,2,8,9,4,5,10,7,3,6,
1,3,6,1,2,4,8,9,5,7,10,
1,6,3,2,4,1,5,7,10,9,8,
1,3,6,4,10,8,9,5,
1,3,8,6,10,
1,9,8,6,4,
1,10,5,7,2,1,8,3,6,4,9,
2,5,4,3,6,8,
1,6,5,9,10,7,
1,3,6,5,7,8,9,10,1,2,
1,2,9,1,
3,3,7,8,
1,4,10,3,6,5,7,9,8,1,2,
2,3,5,7,6,
1,8,3,4,6,9,7,
1,8,1,2,5,7,9,10,
1,7,1,2,8,9,4,6,3,10,5,
1,1,2,7,5,10,4,3,9,8,6,
2,1,2,7,5,8,9,
1,4,3,6,5,7,
1,4,5,8,10,3,6,7,9,2,1,
3,2,1,7,9,
1,3,6,4,9,10,8,5,7,
11,8,3,4,
2,5,8,4,7,
1,4,5,9,8,7,6,3,
5,4,7,
1,3,6,10,4,5,7,
1,3,6,1,2,9,8,
1,3,6,8,9,10,7,5,4,1,2,
1,8,5,7,9,1,2,
1,8,9,5,7,4,2,3,1,6,10,
4,7,5,2,
2,5,7,9,1,
1,1,7,3,
1,5,7,9,8,4,
31,8,1,2,
4,8,5,9,7,
1,5,10,1,2,
5,1,2,6,
10,8,1,
1,4,5,3,8,6,
1,7,5,3,4,6,8,9,10,1,2,
1,4,3,5,7,8,9,6,
1,9,7,5,8,
1,3,6,4,8,5,7,9,10,
1,8,5,4,7,3,6,9,
1,5,6,7,4,8,3,9,10,1,2,
1,5,7,2,1,8,9,10,3,4,
1,5,4,3,6,7,8,
10,10,
2,8,9,10,7,
1,9,8,10,5,
2,1,2,9,5,7,
1,7,5,3,9,8,4,
15,5,4,8,
29,6,3,8,
18,4,5,7,
1,5,2,8,9,7,1,
1,2,3,5,
2,3,7,9,
1,4,8,3,5,6,7,10,
1,3,6,4,10,9,5,8,7,2,1,
1,3,6,4,9,8,10,5,2,1,7,
1,3,6,10,4,5,7,8,9,1,2,
1,8,4,3,6,5,10,7,9,1,2,
5,3,8,9,4,
3,3,8,10,
1,3,4,5,8,6,10,7,9,1,2,
1,4,6,3,5,8,9,7,
3,3,6,5,4,8,
1,8,5,1,2,10,3,4,6,7,9,
1,3,6,4,8,5,7,9,10,1,2,
1,8,1,3,7,10,9,6,5,2,4,
1,8,9,3,6,10,7,4,5,2,1,
1,8,3,5,6,
1,8,7,6,4,
1,3,7,8,4,5,6,
1,3,6,5,4,7,8,9,10,2,1,
1,9,2,1,8,7,5,
1,2,1,8,7,5,
1,3,6,4,9,8,10,7,5,
1,5,7,4,10,9,
2,7,9,8,
1,1,2,9,7,5,10,8,
2,5,1,2,9,
1,3,7,5,8,4,6,
1,3,6,10,4,8,9,5,7,
1,5,7,10,3,
1,6,4,3,10,5,7,8,9,1,2,
1,8,1,2,5,7,9,10,6,3,4,
1,6,4,8,3,9,10,
2,3,6,4,9,10,7,5,8,1,2,
1,8,6,3,5,7,4,9,10,2,1,
1,4,7,5,6,3,10,1,2,8,9,
2,5,7,4,3,6,
108,1,2,7,
6,5,7,1,2,8,9,
1,7,8,3,6,9,
1,4,6,3,10,9,8,7,5,2,1,
2,4,8,7,5,
2,5,7,3,8,
2,5,4,8,7,
1,3,4,6,9,8,10,
1,7,3,5,8,
1,3,1,6,
3,8,4,9,3,
4,10,7,5,
9,4,9,
3,1,5,2,7,
3,9,5,2,
1,4,7,10,6,3,5,9,8,2,1,
1,3,9,5,
1,4,7,10,
4,5,10,
4,6,3,4,10,5,7,
1,8,7,5,4,9,
2,3,5,4,6,
1,8,1,2,3,4,5,6,7,9,10,
1,8,9,7,5,4,
2,5,8,6,3,
1,5,7,4,3,6,9,10,
1,8,9,3,5,7,
1,8,5,9,3,
48,8,4,
1,6,5,7,3,8,9,4,
1,4,3,6,9,8,7,5,10,
1,3,6,4,10,8,5,9,7,2,1,
1,1,7,2,5,8,9,3,6,4,10,
450,1,2,
1,10,3,6,4,5,9,8,7,
34,8,9,4,
1,8,5,1,7,9,
1,4,6,8,7,
1,5,3,6,4,7,8,
2,1,2,5,9,8,7,
3,7,5,9,8,
1,3,10,6,9,4,8,7,
93,4,3,6,
1,4,3,8,9,6,5,7,
1,5,7,8,9,4,1,2,
36,5,7,4,
1,3,5,4,6,8,
1,6,3,4,10,5,9,8,7,1,2,
2,1,2,7,9,8,5,
1,8,7,5,9,1,2,
1,8,10,7,9,5,4,
1,8,5,7,9,10,1,2,4,3,6,
4,5,7,1,2,8,
2,1,9,2,
1,6,8,3,4,
1,7,4,10,
33,2,1,7,
6,8,3,9,
14,4,9,8,
1,3,6,10,7,4,9,8,5,
1,5,9,7,1,2,8,10,4,3,6,
1,5,8,7,9,4,3,6,1,10,2,
1,9,8,7,4,
1,5,3,8,6,4,
1,10,4,5,
1,8,9,10,5,7,4,1,2,3,6,
1,4,3,1,2,
1,4,2,
73,7,
64,1,2,9,
13,8,6,
1,3,4,8,9,6,5,10,7,2,1,
2,3,6,4,8,9,10,7,5,
1,2,1,8,9,7,5,3,4,6,10,
1,3,6,5,7,4,8,9,10,1,2,
1,1,8,2,7,5,10,9,4,3,6,
2,3,6,10,5,7,
1,3,7,8,6,
1,6,8,9,
1,9,3,8,
4,5,1,8,
1,5,7,9,8,4,3,6,
1,4,8,6,9,7,3,10,5,2,1,
3,8,10,9,
1,1,5,9,2,
1,5,7,3,6,4,8,9,
2,5,3,4,7,
3,5,2,9,
1,6,3,4,5,7,9,8,10,2,1,
1,1,2,9,4,10,8,7,5,6,3,
5,3,4,7,
1,7,4,1,8,
2,3,6,5,8,
2,7,6,
1,6,3,9,8,10,4,5,7,
1,4,8,10,3,9,6,5,7,1,2,
1,8,7,4,5,
1,6,7,3,10,9,8,5,4,2,1,
2,3,6,8,4,9,10,7,5,2,1,
1,1,2,8,7,5,
4,4,9,6,
1,4,1,2,
1,3,6,4,8,9,5,10,7,
1,5,7,4,9,1,2,8,
1,5,7,8,9,4,3,6,10,1,2,
1,9,8,6,4,3,1,
1,2,1,5,4,
20,3,4,6,8,
12,6,4,3,
1,10,4,7,8,9,5,3,1,2,6,
7,6,3,4,9,
3,7,4,3,
1,5,8,3,4,7,6,
1,5,6,3,7,10,9,4,8,1,2,
3,3,6,4,10,5,7,8,9,2,1,
1,2,1,8,9,5,7,10,6,3,4,
1,5,4,8,7,3,
11,5,7,3,6,
1,1,2,4,9,5,7,3,6,8,10,
21,1,7,2,
1,9,4,5,7,
1,3,6,4,8,9,10,5,2,1,7,
1,1,2,6,7,
1,3,4,6,7,5,9,
1,5,1,7,3,
1,1,5,2,7,8,9,
364,3,6,4,
3,4,3,9,
11,1,5,7,
6,2,1,9,8,
1,4,6,3,5,8,9,
1,3,8,4,9,5,
1,4,5,9,8,
2,8,4,5,7,
1,6,3,4,9,10,8,5,7,2,1,
1,7,5,1,2,10,8,9,6,3,4,
1,2,4,6,
1,8,7,2,1,9,5,
1,2,1,4,5,
1,8,4,1,9,6,2,5,3,7,10,
1,4,8,6,3,9,5,7,
3,6,3,4,10,9,8,5,7,2,1,
1,3,5,7,6,4,8,9,10,1,2,
1,8,9,6,5,3,4,7,10,1,2,
1,5,8,9,4,10,7,6,3,1,2,
1,7,3,9,
31,8,3,6,
1,1,4,8,
1,6,5,8,7,4,3,9,10,2,1,
4,4,3,6,5,
1,8,7,1,2,9,
1,1,2,8,4,9,10,5,7,
1,8,5,9,4,7,
1,3,6,8,4,9,5,10,7,1,2,
1,3,6,4,1,2,5,7,8,9,10,
1,1,2,9,10,
1,3,6,5,4,2,1,8,9,7,10,
2,3,6,4,5,10,7,9,8,2,1,
2,2,1,5,8,9,
1,4,3,8,9,6,
4,5,7,4,8,
1,9,1,8,
1,8,9,4,1,
1,6,3,4,8,10,9,7,5,2,1,
1,4,3,6,10,8,
1,1,8,4,2,9,3,6,7,5,10,
10,8,3,6,4,
1,4,9,5,
7,9,1,2,
5,4,3,8,6,
1,5,7,6,3,4,
3,3,6,4,10,7,5,8,9,2,1,
7,9,5,7,
2,6,5,3,8,
1,1,2,10,7,5,9,4,8,3,6,
1,3,6,4,5,10,9,8,7,2,1,
1,1,2,8,9,7,4,10,3,6,5,
12,3,8,6,
1,8,9,4,5,6,10,7,3,2,1,
1,7,5,3,8,
1,6,3,4,10,9,5,7,8,2,1,
1,4,6,10,3,
1,5,1,7,2,9,8,
1,4,3,6,5,8,9,10,7,1,2,
1,3,6,4,10,5,8,9,7,1,2,
2,3,6,4,10,5,7,
1,1,2,10,8,
1,8,9,4,7,5,1,2,3,6,10,
1,10,7,5,1,2,8,4,9,6,3,
1,4,3,6,10,5,8,9,1,2,7,
1,1,4,
3,6,4,3,8,
3,4,5,9,
1,5,8,3,6,7,
1,4,5,6,3,10,
3,1,2,5,8,9,
1,8,4,9,10,
1,8,6,10,3,7,9,4,5,1,2,
1,3,6,8,9,4,5,7,10,1,2,
5,8,10,5,
8,5,3,8,
10,5,9,
1,3,6,4,5,7,8,
1,5,8,4,3,6,7,9,
1,6,3,4,5,7,8,9,1,2,10,
1,7,10,4,
1,4,8,5,3,
1,6,3,4,8,9,5,
1,3,4,6,10,8,9,
1,8,5,7,9,1,2,4,3,6,10,
1,1,2,8,9,7,5,4,10,3,6,
1,8,5,7,4,2,
1,8,1,2,9,4,3,6,5,10,7,
8,6,8,3,
1,4,5,8,6,3,
1,8,9,1,2,5,7,4,3,6,10,
1,8,6,3,4,9,10,7,5,
2,6,3,8,7,
23,3,6,5,7,
1,1,8,3,
7,6,3,5,4,
1,4,9,3,6,8,5,7,10,1,2,
8,5,1,2,7,
1,9,5,2,1,7,
1,10,7,5,8,6,4,3,
1,3,4,6,5,8,9,10,7,2,1,
1,8,9,10,7,5,3,
6,1,2,7,5,8,
1,3,9,6,7,8,5,
21,2,1,7,5,
1,8,7,2,
2,3,4,5,6,8,
1,5,8,7,4,9,10,6,3,1,2,
1,8,4,9,3,6,
1,1,2,5,7,8,10,9,4,3,6,
1,4,7,8,5,9,1,3,2,6,10,
2,3,6,10,4,5,7,9,8,2,1,
1,10,3,6,5,7,4,9,8,1,2,
1,7,5,3,4,8,6,
2,6,3,4,7,5,
4,3,6,8,9,4,
15,4,3,6,8,9,
4,7,5,10,
6,7,8,9,
1,8,6,4,5,3,9,10,7,2,1,
1,4,8,5,3,9,
1,2,8,1,5,
1,4,3,6,8,9,5,2,1,7,10,
1,5,8,3,7,4,9,2,6,1,10,
1,2,7,9,
1,3,6,4,10,7,5,9,
1,3,6,7,5,4,8,
3,1,2,5,7,10,9,8,4,3,6,
1,3,8,10,6,
1,3,6,4,8,10,9,5,7,1,2,
3,7,1,5,
1,2,1,5,7,8,9,4,10,3,
1,8,5,4,7,9,
1,9,7,10,5,8,6,3,4,1,2,
1,3,4,5,8,
1,8,3,6,4,9,7,5,10,2,1,
1,5,7,8,3,6,9,
1,9,8,7,5,2,1,4,
1,7,4,8,3,5,9,6,1,2,10,
4,3,8,6,4,
4,7,3,6,
1,8,2,1,9,10,
1,9,10,7,5,8,4,6,3,2,1,
1,3,5,7,9,
1,2,7,5,1,
44,4,
23,7,8,
1,8,5,3,6,9,
1,4,8,9,3,6,5,7,10,1,2,
1,3,5,6,10,7,4,8,9,2,1,
1,6,3,7,8,9,4,5,
1,8,4,6,9,7,5,3,
1,5,1,2,9,8,7,
1,3,6,10,4,8,9,7,5,1,2,
1,7,6,3,9,
1,2,5,4,1,3,6,
119,1,2,8,
1,9,6,
1,9,6,4,
1,8,10,7,4,5,9,1,2,3,6,
4,8,7,9,1,2,
2,6,7,
1,1,2,4,5,3,6,
28,6,3,5,
1,6,8,4,9,3,
1,6,3,8,10,5,2,1,4,9,7,
2,3,4,6,5,8,
1,2,1,5,9,8,7,
2,7,9,
2,6,4,3,8,9,
1,4,7,5,8,9,6,3,10,2,1,
2,5,7,3,6,8,
2,4,7,5,9,
2,6,3,4,9,8,
39,8,9,5,
1,3,8,6,7,4,
1,4,3,6,9,10,7,5,2,1,
1,4,9,3,8,
1,5,7,9,3,4,
4,5,6,3,4,
3,8,9,5,1,2,
3,5,1,7,2,
1,6,3,10,9,
1,1,2,8,9,10,5,7,
2,3,6,4,5,7,10,8,9,2,1,
1,4,3,6,8,9,10,1,2,5,7,
1,6,5,4,10,3,
1,3,6,4,8,5,7,10,9,2,1,
1,1,2,9,10,5,7,
1,9,4,8,
1,8,4,7,9,
1,6,3,10,4,8,7,9,5,1,2,
1,3,6,4,5,1,2,
1,2,1,4,8,9,5,7,10,6,3,
2,5,8,4,10,
4,8,5,6,7,
1,9,6,4,3,8,7,10,5,2,1,
1,8,6,5,3,7,4,9,1,2,10,
1,10,4,
1,7,5,1,8,
1,3,6,8,4,7,5,10,9,1,2,
1,1,2,8,9,4,7,10,5,3,6,
1,5,7,2,1,10,9,8,
1,1,2,5,7,9,10,6,3,4,8,
1,5,3,8,6,9,7,4,
1,3,6,5,4,7,8,10,9,1,2,
1,3,7,6,10,4,5,
3,5,8,10,
1,10,6,3,5,4,9,7,
1,3,9,10,6,
1,6,3,4,10,7,8,9,5,1,2,
1,8,6,1,9,5,7,10,3,2,4,
1,1,2,4,7,
16,2,1,8,9,
4,4,3,6,9,8,
2,3,6,4,8,10,9,7,5,
3,8,7,3,
3,5,3,4,6,
1,5,3,4,8,6,
1,9,7,4,8,
3,1,7,
6,1,2,8,5,7,9,
1,2,1,5,7,8,9,10,4,3,6,
5,2,5,7,1,
2,1,2,5,7,8,9,3,6,4,10,
1,1,2,9,5,7,8,3,4,10,6,
1,3,6,4,10,1,2,9,8,
1,1,2,8,9,10,7,5,4,3,6,
1,6,3,8,7,5,
1,1,2,5,4,9,8,7,10,6,3,
2,2,1,5,10,
1,5,3,8,9,4,2,1,10,7,6,
1,3,6,4,5,7,10,8,9,
2,8,1,2,5,7,
1,10,9,5,7,
1,8,1,4,2,
3,3,5,6,8,
1,8,1,2,9,7,
1,3,6,8,4,7,5,9,10,2,1,
1,5,7,4,10,8,6,3,9,1,2,
4,2,5,
1,7,5,8,10,
1,7,5,2,1,4,9,3,6,10,8,
2,8,4,3,6,9,7,5,10,1,2,
1,8,4,5,3,6,
2,5,6,7,3,
3,1,2,3,6,
4,4,5,8,9,
1,3,9,7,4,
4,1,3,6,
2,8,5,9,4,
1,3,6,8,4,7,9,10,5,1,2,
2,7,8,10,4,3,6,5,9,1,2,
1,3,6,4,7,10,8,9,5,1,2,
1,1,2,5,7,9,8,10,4,6,3,
3,8,9,4,3,6,
22,5,7,1,
2,6,3,4,9,8,10,7,5,2,1,
1,3,6,4,9,8,7,5,10,2,1,
1,3,6,4,10,9,8,5,7,
1,3,5,6,7,8,10,4,9,
1,6,4,5,10,
1,1,2,8,9,7,
1,5,7,8,3,4,
1,7,5,8,1,2,
7,8,4,6,
1,4,3,6,10,5,7,9,8,1,2,
1,3,6,5,4,8,9,7,10,1,2,
12,8,9,7,5,
13,5,4,3,
1,5,7,3,9,
1,5,4,8,6,3,
1,7,5,3,6,9,8,4,
2,7,8,10,
1,3,8,6,9,10,4,5,7,
4,3,6,4,10,7,5,
1,8,9,1,2,4,10,5,7,6,3,
1,5,4,10,7,3,6,9,
1,4,8,3,5,6,9,
1,3,5,6,10,8,9,4,7,1,2,
5,2,1,5,7,9,8,
13,5,2,1,
8,1,2,7,9,
2,3,6,4,8,9,10,
2,8,9,2,
1,3,6,4,8,5,9,10,1,2,7,
1,1,2,8,9,10,5,7,6,3,4,
1,1,2,7,5,8,10,9,3,6,4,
1,3,6,4,8,10,9,7,5,2,1,
100,3,6,8,
1,1,5,2,7,4,9,
1,3,6,5,8,9,10,4,7,1,2,
1,3,6,4,5,7,10,9,8,1,2,
2,5,3,6,10,
1,2,1,5,7,8,9,3,6,4,10,
1,5,9,4,7,
1,1,2,5,3,4,6,
8,1,2,5,7,8,9,
1,7,5,3,4,6,8,9,10,2,1,
1,2,1,8,9,5,7,4,10,6,3,
1,4,3,6,5,9,8,7,1,2,
1,3,6,5,7,10,8,9,4,1,2,
1,10,5,3,6,4,7,
1,8,3,9,4,6,5,7,10,1,2,
1,3,7,6,4,
5,8,3,5,
1,3,6,8,5,7,4,10,9,2,1,
1,1,2,8,9,4,5,7,10,6,3,
1,6,3,8,5,4,
1,6,3,4,10,8,5,7,1,2,9,
1,5,2,1,8,7,9,10,4,3,6,
1,3,4,6,9,8,7,10,2,1,
1,3,4,6,9,7,5,8,10,2,1,
1,3,6,9,8,5,
1,3,6,7,4,5,9,10,8,1,2,
1,3,6,4,10,7,5,8,9,1,2,
1,5,4,3,6,8,9,10,7,
1,8,6,3,4,9,1,7,2,5,10,
1,5,3,4,10,
2,1,2,4,8,
1,8,5,7,9,4,3,6,10,2,1,
1,7,3,6,4,
1,3,4,6,7,5,9,8,10,1,2,
7,4,3,6,10,
19,5,3,
1,6,4,3,8,5,
2,2,7,5,1,8,
3,3,6,4,8,10,
1,8,9,7,10,5,
1,3,4,6,5,8,7,
1,3,6,7,9,4,5,8,10,1,2,
1,5,3,6,8,
1,2,8,5,1,
1,10,5,6,3,
2,4,8,1,
1,3,6,4,10,1,2,5,7,8,9,
1,7,1,2,5,8,
2,8,2,4,
1,5,4,1,
1,8,7,4,2,
1,8,9,10,7,5,4,6,3,1,2,
2,5,8,7,4,9,
2,4,5,8,7,
1,4,8,9,6,
1,3,6,1,2,10,
1,9,8,1,2,5,7,
3,7,8,1,2,5,
1,3,6,4,7,8,5,9,10,2,1,
1,3,8,4,5,6,9,10,7,2,1,
1,1,2,9,8,5,7,
1,2,1,9,7,5,10,6,3,
14,5,6,3,
1,3,6,4,7,10,5,8,9,2,1,
8,3,4,6,5,
4,5,8,3,6,
3,4,5,8,
1,8,7,4,9,
1,8,3,7,
1,1,2,8,3,6,9,4,10,5,7,
21,9,
113,6,3,
5,7,3,
2,5,9,7,4,
1,4,6,10,
1,6,3,4,10,7,9,5,8,1,2,
2,7,9,8,5,
1,6,3,8,5,7,10,
1,3,6,4,7,10,5,9,8,2,1,
1,8,1,2,3,5,7,10,9,6,4,
1,1,2,9,4,7,5,8,10,3,6,
1,1,2,5,7,9,10,
1,6,3,7,9,
1,1,2,8,4,7,10,9,5,3,6,
1,4,9,7,8,5,3,6,10,1,2,
2,4,7,9,5,
3,9,8,2,1,
1,1,3,5,
1,7,1,8,2,9,4,5,10,6,3,
1,7,5,4,9,
2,8,9,3,4,
1,3,6,7,5,8,4,9,10,2,1,
1,3,6,4,8,9,10,5,1,2,7,
1,5,4,8,9,3,7,10,6,2,1,
7,1,8,2,
1,5,9,7,3,10,
1,3,6,9,5,4,8,
2,1,7,2,5,8,
1,7,1,9,4,
1,3,6,5,8,7,10,4,9,2,1,
1,6,3,4,5,7,8,
1,5,9,8,1,
2,4,3,8,6,9,
1,3,5,6,1,
1,3,6,10,8,7,4,9,5,1,2,
1,7,5,8,1,2,9,
1,7,8,3,6,9,4,5,
4,7,9,4,
1,8,9,10,5,7,
1,8,6,3,4,2,1,9,10,7,5,
2,3,4,7,6,
41,2,1,5,
1,3,5,8,4,9,6,7,10,1,2,
1,7,3,6,4,8,
9,8,7,9,
2,4,7,3,6,
1,10,5,7,8,2,1,3,6,9,4,
1,4,3,1,
1,1,7,5,
1,2,1,7,9,8,
1,1,2,9,8,7,5,10,4,3,6,
1,9,4,7,5,
21,3,5,
24,6,3,4,10,
1,2,5,8,9,1,4,
1,6,3,4,5,8,7,10,9,1,2,
2,8,9,10,4,7,
1,7,5,4,10,9,8,3,2,1,
1,1,3,8,
1,3,8,6,5,4,
3,6,3,5,4,10,
1,8,9,4,7,5,10,
1,5,10,8,
1,7,4,3,6,5,9,
2,7,1,2,5,9,
1,4,3,6,8,10,9,5,7,1,2,
1,5,7,3,8,9,4,
1,6,3,10,8,4,9,7,5,
1,5,7,9,10,1,2,8,3,4,6,
1,2,5,7,1,8,9,10,3,4,6,
1,6,3,4,10,8,9,
1,5,1,7,6,9,
1,6,3,5,4,7,10,
1,7,5,8,9,3,6,
2,3,6,4,8,5,
4,4,3,5,6,
11,5,9,8,
1,8,6,3,7,5,
3,5,7,8,4,
1,7,5,8,9,2,1,
1,6,3,4,10,7,5,9,8,2,1,
1,6,3,4,9,10,5,7,8,1,2,
1,7,5,4,3,6,
1,3,4,6,8,5,10,9,7,1,2,
1,4,10,
1,8,7,1,3,
1,3,6,8,1,2,
1,1,2,5,7,9,8,4,3,6,10,
1,3,4,6,7,10,5,
2,6,3,4,10,8,
2,3,8,5,6,4,
1,3,6,5,4,8,10,9,7,
1,3,6,7,5,10,9,1,8,4,2,
1,5,3,10,4,
3,8,6,5,
1,10,5,6,3,4,9,8,7,2,1,
2,5,6,8,
1,7,1,2,8,9,
1,4,3,6,5,9,8,7,10,
1,3,6,10,5,4,7,9,8,2,1,
1,7,2,1,8,9,
5,3,5,8,
3,5,8,1,2,7,9,
2,8,10,4,
1,8,1,5,2,
3,8,2,1,9,
1,4,3,8,6,9,5,7,
1,3,6,8,4,9,10,5,1,2,
1,7,5,1,9,
1,1,2,5,7,8,9,10,6,3,4,
1,5,7,8,9,1,2,10,4,3,6,
1,1,8,9,5,
1,4,3,6,10,8,9,5,1,2,7,
12,8,5,7,9,
18,8,3,
1,4,6,9,
1,3,6,4,10,8,9,
2,3,6,10,7,5,4,
1,5,1,7,2,8,
1,3,6,5,7,10,4,9,8,1,2,
4,1,7,2,9,
1,5,8,7,9,4,3,
29,2,1,8,
1,2,1,8,9,4,5,10,7,6,3,
24,5,7,1,2,
2,5,1,2,10,7,
1,6,3,4,10,5,7,8,9,2,1,
1,8,5,7,6,9,3,4,10,2,1,
1,5,8,9,3,
1,6,4,3,7,9,8,10,5,1,2,
283,3,6,
1,4,9,3,6,8,7,10,5,1,2,
1,1,3,2,6,8,9,7,5,4,10,
2,3,6,4,5,10,
1,3,6,8,7,9,10,4,1,2,5,
1,4,9,6,5,
1,5,8,1,9,
1,4,7,8,5,9,1,2,3,6,10,
1,8,2,1,9,5,7,
2,3,6,4,2,1,8,5,7,9,10,
1,3,6,4,5,7,9,8,10,1,2,
6,3,8,5,
4,4,5,3,6,
11,7,1,
1,3,6,4,5,10,8,9,7,1,2,
3,8,9,5,1,
3,7,8,2,
1,7,1,2,9,5,
1,5,8,7,1,
1,5,3,9,8,
6,1,2,3,
2,3,6,9,4,8,
1,9,7,4,5,
1,6,5,4,3,10,9,8,2,1,7,
1,3,6,5,4,10,9,7,8,2,1,
2,4,9,8,7,5,
1,10,4,9,8,7,2,3,6,5,1,
1,6,3,4,5,10,7,9,8,1,2,
1,8,1,2,5,7,9,4,10,3,6,
2,5,1,3,
1,4,3,5,6,8,
7,3,6,8,5,
2,7,4,
2,7,5,1,2,8,
1,3,7,4,5,
1,6,3,7,10,4,5,8,9,1,2,
1,8,3,7,9,6,5,10,1,2,4,
1,7,6,3,4,5,10,9,8,2,1,
1,3,6,7,4,10,
1,5,3,7,6,
12,8,9,1,
3,8,9,7,4,
5,5,6,
1,3,6,4,9,10,7,5,8,
3,6,3,4,10,7,5,8,9,1,2,
1,1,7,9,
1,5,9,4,8,2,7,
1,1,2,5,7,4,8,9,10,3,6,
1,8,4,5,3,7,
1,3,4,1,
20,7,5,1,2,
2,1,9,2,8,
1,7,4,5,8,9,
1,6,3,4,5,7,10,9,8,1,2,
3,3,8,9,
1,5,2,1,7,9,4,3,6,10,8,
6,8,7,5,9,
1,4,6,3,8,9,10,7,5,1,2,
1,4,6,5,3,7,
1,9,1,10,
2,8,7,10,
1,1,2,7,10,9,8,5,4,3,6,
1,7,5,9,8,6,1,2,4,10,3,
1,7,6,5,4,
1,5,7,9,2,1,4,8,3,6,10,
1,3,6,4,5,1,2,7,8,9,10,
35,5,1,2,
8,5,3,6,4,
3,5,1,2,8,9,
1,6,3,9,5,4,7,
1,9,5,6,
3,7,1,8,
1,3,6,4,7,10,9,8,1,2,5,
1,2,1,8,9,10,7,5,
1,7,6,3,5,
9,5,9,7,
1,3,6,10,8,7,5,4,9,
1,8,6,3,9,4,5,7,10,2,1,
1,6,3,10,7,4,9,8,1,5,2,
1,5,7,2,8,1,
1,4,3,6,10,5,8,
2,5,3,4,6,8,9,
1,4,3,6,8,5,7,9,10,
1,8,9,5,7,1,2,10,3,6,4,
1,1,2,5,7,8,4,10,3,
1,7,5,10,4,3,6,8,9,2,1,
1,8,5,7,9,1,2,4,10,6,3,
9,8,2,1,
35,8,7,5,
1,8,7,3,6,
2,4,9,8,7,
1,4,6,3,9,8,7,5,10,1,2,
1,1,2,3,9,5,7,4,6,8,10,
1,5,3,8,4,
1,1,2,4,8,9,10,7,5,
2,8,6,7,
1,6,8,3,4,5,
14,3,4,8,
1,2,5,1,8,7,4,9,6,3,10,
1,8,4,3,6,10,9,7,5,2,1,
10,5,7,9,8,
3,3,8,4,6,
1,9,3,4,8,
1,8,4,7,10,
1,7,6,3,4,5,
1,5,8,9,7,2,1,10,4,3,6,
1,8,4,6,10,
1,1,2,7,9,8,
1,8,4,3,7,
1,8,1,7,5,
2,3,6,10,8,
1,6,3,1,
1,7,10,3,4,
1,8,7,5,3,
22,6,3,4,8,
1,3,6,4,9,10,
1,2,1,9,5,
2,8,7,9,4,
1,2,1,7,6,
1,5,6,3,4,8,7,10,9,
1,3,4,6,9,8,5,
1,5,3,6,9,
1,5,7,9,1,2,8,6,4,3,
1,8,9,7,2,1,
1,8,3,4,5,6,9,7,10,1,2,
1,3,6,4,9,10,8,7,5,1,2,
1,3,8,6,7,
4,8,5,7,4,
1,1,2,7,5,10,9,8,4,3,6,
1,3,4,5,6,8,9,10,7,
1,3,6,10,9,
1,9,8,4,1,
3,3,6,1,
1,7,5,9,2,1,
1,4,9,8,3,6,7,5,10,1,2,
1,8,9,1,2,4,5,7,3,6,
2,5,7,3,4,
1,4,3,6,8,7,5,10,9,1,2,
2,8,7,1,2,
1,5,7,4,1,
20,8,6,3,
1,4,8,5,3,6,7,9,10,1,2,
2,3,10,4,
1,5,4,8,7,9,
1,8,9,7,5,4,10,3,6,2,1,
1,7,1,4,
1,6,4,7,5,3,8,
1,3,4,8,6,9,10,5,7,1,2,
1,8,9,3,5,4,
1,5,8,1,9,7,
1,8,4,3,9,7,
2,1,2,8,5,7,
1,3,6,4,9,7,10,8,5,
4,6,3,4,8,9,
1,9,4,6,3,5,
3,4,6,8,3,
1,3,4,6,8,9,10,5,7,1,2,
1,5,7,10,1,
1,5,7,8,4,9,
1,7,6,3,4,
1,1,2,9,5,7,8,
6,1,2,8,9,5,7,
3,6,8,4,
4,5,4,9,8,
1,3,6,8,4,7,
1,6,3,10,5,7,
1,8,9,4,3,7,5,6,
3,3,6,8,4,10,
1,8,5,3,6,
1,7,3,4,6,5,8,9,10,1,2,
1,7,6,8,3,4,10,5,9,2,1,
2,4,3,6,10,5,
9,8,4,7,
1,5,4,6,8,
2,6,3,4,8,5,
11,1,2,8,7,
2,4,3,6,8,10,9,7,5,2,1,
1,3,4,6,8,5,7,9,10,2,1,
1,6,3,5,4,8,
1,4,7,6,
1,8,3,6,4,9,10,1,2,7,5,
3,4,9,3,
7,3,5,7,
3,5,2,7,9,
1,6,3,5,4,7,
1,5,8,7,1,4,9,10,2,6,3,
1,7,3,1,2,
14,5,1,
1,3,9,5,7,4,8,10,
1,6,7,2,1,10,
1,9,8,5,7,
1,6,3,4,8,9,10,
1,4,8,6,7,
1,1,5,7,9,
1,7,4,8,5,
23,6,
1,4,8,9,3,6,
4,5,4,3,6,
1,8,7,5,9,1,2,4,3,10,6,
1,3,9,4,
1,5,8,1,2,9,
5,5,9,4,
1,4,8,7,9,5,3,6,
4,3,4,6,9,
1,4,8,9,7,5,1,2,3,6,10,
1,7,5,8,2,
3,5,6,4,
1,5,7,3,9,6,
1,5,8,7,9,4,
1,4,7,5,2,
1,3,8,4,5,
1,3,6,8,4,10,5,7,
3,9,4,10,
1,7,9,10,5,
1,8,9,1,5,7,10,
1,4,6,5,7,
1,8,2,4,9,
27,4,3,6,8,
1,5,7,10,8,
1,6,8,3,4,9,5,7,10,2,1,
1,8,1,2,7,4,9,5,10,3,6,
2,8,9,6,4,3,
1,8,7,5,1,2,3,6,9,10,4,
1,8,9,3,2,
1,1,2,3,6,8,
1,4,3,5,8,9,6,
4,3,5,6,7,
1,5,8,3,7,9,
1,1,2,7,8,9,10,5,6,4,3,
1,8,9,2,1,4,
1,8,6,4,3,7,9,10,1,2,
1,5,7,9,3,6,4,8,1,2,10,
1,7,3,6,1,2,
1,2,5,1,9,7,
1,3,1,7,
1,2,1,8,9,7,5,4,10,
10,8,1,2,9,
1,8,6,4,10,
1,8,5,9,3,4,7,6,
1,6,3,5,4,7,8,
1,6,3,4,5,9,7,8,10,1,2,
1,5,1,2,7,10,9,8,4,6,3,
1,3,6,4,9,8,10,7,5,2,1,
1,8,5,6,3,
2,5,4,6,
1,2,1,4,10,9,3,5,6,7,8,
3,5,7,1,8,
1,1,7,8,2,
1,5,10,7,9,
39,3,
1,10,5,7,3,
4,1,2,9,7,
2,1,8,2,9,
1,4,6,3,9,5,
1,3,6,8,10,9,7,4,5,2,1,
1,5,7,8,4,1,2,
1,7,5,6,3,
1,6,3,4,8,9,7,5,10,
2,8,1,2,4,
1,5,3,7,9,
1,6,3,5,8,4,
3,5,9,8,7,
4,5,8,7,4,
1,4,3,6,7,9,5,
1,1,2,5,6,
1,1,7,2,5,
2,3,4,10,
1,1,2,8,7,5,9,4,10,3,6,
1,2,1,8,5,4,7,9,3,10,
1,8,4,3,5,
1,7,5,9,10,4,
1,3,6,5,10,4,7,8,9,
3,8,1,4,
1,8,9,4,6,
1,4,5,3,8,6,9,10,7,1,2,
1,1,5,2,7,9,
1,5,3,8,9,
1,5,9,8,4,1,2,7,
5,3,6,8,4,9,
1,9,8,4,1,2,5,7,3,6,10,
3,7,5,1,2,8,9,
4,9,8,7,
2,5,6,7,
1,5,10,7,6,8,9,4,3,2,1,
1,5,6,2,1,3,
1,8,6,3,9,4,5,
3,4,3,8,10,
1,7,1,2,8,9,5,
2,6,3,2,
1,3,6,8,9,10,4,5,7,1,2,
1,3,5,6,2,1,4,7,8,9,10,
1,1,5,6,
1,8,1,2,7,
5,6,4,8,
3,8,4,7,5,
1,5,7,4,9,8,2,1,
1,9,7,1,
1,10,6,3,5,
4,5,4,7,8,
1,5,8,9,10,1,4,3,2,6,7,
7,3,6,4,5,7,
3,9,8,10,
1,10,3,6,5,8,4,9,7,1,2,
2,1,2,7,5,9,8,4,10,3,6,
1,6,3,10,8,5,4,9,2,1,7,
1,6,3,4,10,9,8,5,
1,3,7,1,8,9,4,2,5,6,10,
1,8,1,5,7,9,
2,9,8,1,2,
1,3,6,10,4,5,7,8,9,2,1,
1,1,2,9,8,3,4,7,
1,7,9,4,1,
1,5,4,8,9,7,
1,3,5,4,6,7,8,9,10,2,1,
1,2,5,1,4,
1,6,5,3,4,10,9,8,7,1,2,
2,1,2,7,10,5,9,8,4,3,6,
53,1,2,8,9,
1,10,9,
1,4,3,6,5,7,10,2,1,8,9,
1,3,8,6,4,5,7,10,9,1,2,
1,9,8,3,6,10,4,
1,5,8,10,3,
1,6,5,7,
1,5,7,8,4,9,3,6,10,1,2,
1,3,6,4,10,7,9,5,8,2,1,
2,8,6,3,4,
1,3,6,4,8,9,10,7,5,2,1,
2,3,6,5,10,
1,1,8,2,5,9,
1,8,10,9,4,
1,5,7,8,6,3,
1,7,4,3,8,
1,1,2,10,7,5,
1,3,8,9,4,6,7,
5,9,3,6,
16,3,6,5,4,
3,4,6,3,10,
1,3,6,8,1,2,10,
2,3,6,8,10,
2,2,1,7,8,9,5,
1,5,4,10,3,
2,6,3,4,10,5,
1,4,6,3,9,5,8,10,7,1,2,
3,8,9,4,6,3,
1,8,7,5,9,4,
10,4,8,3,
1,4,3,6,8,10,7,9,5,1,2,
1,5,7,9,4,8,6,3,1,2,10,
1,6,4,7,5,
1,6,3,7,8,4,
1,5,1,2,7,8,
4,4,8,6,3,
7,5,7,10,
2,2,1,5,9,7,
1,3,4,6,10,7,
1,5,7,6,1,
1,3,8,7,
1,3,5,7,4,
1,8,9,7,10,
7,6,8,
3,5,7,4,8,9,
43,3,6,4,10,
1,4,3,6,8,9,10,
2,2,8,
2,6,4,3,5,
1,8,7,2,1,
1,4,7,10,9,8,3,5,6,
1,3,6,4,7,8,10,9,5,2,1,
1,3,6,4,10,8,9,5,7,2,1,
1,8,3,6,9,4,5,7,10,1,2,
1,7,5,9,8,2,1,4,3,6,10,
1,4,5,10,7,
2,8,1,2,3,
1,6,3,4,8,5,7,10,9,1,2,
1,6,9,5,
1,1,2,5,7,8,9,10,
1,3,6,4,5,9,
2,4,8,5,
10,4,6,8,
1,3,9,8,4,
2,8,5,4,7,
6,1,2,9,7,5,
2,3,6,4,10,9,
1,4,7,9,
1,3,6,8,9,4,5,7,10,
1,7,8,4,9,
1,6,10,3,4,5,7,8,9,2,1,
1,3,6,4,10,5,7,9,8,2,1,
1,3,6,8,4,10,5,
1,1,2,4,9,5,7,
1,1,9,2,7,
1,4,3,6,7,
1,6,3,8,4,2,1,10,5,7,9,
1,9,2,
1,8,9,2,1,5,7,4,
1,8,9,1,2,7,5,10,4,3,6,
4,4,8,6,
1,8,1,9,2,5,7,
1,10,5,
1,2,1,8,9,4,10,3,6,7,5,
3,7,9,5,
1,1,2,4,9,
1,8,4,7,1,
1,7,1,8,9,2,5,
1,1,2,5,7,8,9,10,3,6,4,
1,3,6,8,10,9,4,5,7,2,1,
3,5,10,7,
1,6,3,4,8,9,10,7,5,
2,3,6,4,10,8,9,7,5,
1,8,5,3,4,10,9,6,
1,4,5,3,6,7,
1,2,1,4,8,6,3,5,7,10,9,
1,1,10,2,
1,2,1,3,6,4,8,5,7,10,9,
1,3,6,5,4,10,
1,3,6,4,5,9,7,10,8,1,2,
1,4,9,7,5,8,3,6,10,
1,3,1,2,10,9,7,6,8,5,4,
1,3,6,4,7,5,10,8,9,
11,7,5,1,
2,4,8,10,
6,1,2,5,9,
5,8,5,1,
1,6,3,4,8,5,9,7,10,2,1,
1,5,7,3,6,10,
1,2,1,8,10,
1,6,3,5,7,4,
2,3,6,5,4,7,
54,5,8,
4,3,7,6,
2,4,3,5,8,
1,8,9,4,1,3,
1,5,1,2,7,8,9,10,3,4,6,
1,3,6,4,7,9,5,8,10,1,2,
1,5,10,7,9,1,2,8,4,6,3,
1,5,1,9,
1,1,2,7,5,8,9,10,3,6,4,
1,6,3,9,7,10,4,
1,4,2,1,
1,7,3,6,8,9,
4,9,7,
1,1,2,9,8,4,5,7,10,6,3,
2,8,3,1,
1,6,7,3,5,4,8,9,1,2,10,
1,7,5,9,4,8,
1,3,6,10,4,8,9,7,5,2,1,
6,1,2,9,5,
1,8,3,6,1,2,4,5,7,9,10,
1,8,9,5,4,3,6,7,10,1,2,
1,8,4,9,6,3,
5,5,7,9,4,
1,7,9,5,2,1,8,10,4,6,3,
1,9,8,5,7,4,
1,4,9,8,3,
1,3,4,6,7,10,
5,5,7,4,9,
1,3,6,9,10,8,7,5,4,
1,3,6,1,2,5,4,10,7,9,8,
2,4,8,3,9,
1,4,3,6,7,9,8,5,10,
1,4,9,6,3,10,5,7,8,
1,4,8,6,3,9,5,7,1,2,10,
1,8,9,5,10,
27,8,4,9,
1,8,5,1,2,7,9,10,4,3,
1,8,7,5,2,
5,8,10,
1,1,2,5,7,4,
1,2,8,1,5,9,
1,3,10,
1,1,8,5,
3,8,3,6,4,9,
1,3,4,6,10,5,
1,5,2,1,8,
1,1,2,7,5,9,8,
7,3,6,9,4,
1,8,6,3,4,9,10,7,5,1,2,
1,3,1,
1,5,4,2,8,9,7,
2,5,7,6,4,
1,6,5,4,3,
1,1,8,2,9,4,
2,1,2,7,8,5,
2,5,1,2,4,
1,7,10,3,
1,5,7,4,9,10,
1,4,8,5,9,3,7,6,
1,9,4,8,5,7,
1,9,3,
4,2,1,4,
3,6,3,8,9,
13,1,2,5,8,
1,7,3,5,
1,4,3,6,8,9,5,7,10,1,2,
1,8,5,9,10,7,4,2,1,6,3,
6,8,4,9,5,
1,6,3,4,8,10,9,5,7,1,2,
1,6,3,4,9,7,10,8,2,1,5,
1,8,4,3,6,5,7,9,10,1,2,
1,3,4,6,5,10,9,7,
4,3,6,8,7,
1,3,4,10,6,
1,6,10,4,3,8,9,2,1,5,7,
1,1,4,7,
1,8,7,10,6,4,
1,6,3,4,10,5,9,8,7,2,1,
7,1,8,
1,4,9,3,5,6,8,
2,3,5,4,9,
1,6,3,4,8,10,9,7,5,
2,1,7,5,2,
1,1,2,8,9,4,5,7,10,
1,8,1,9,4,
1,3,6,10,7,5,4,8,9,
1,6,3,10,4,7,8,
1,1,2,7,5,8,9,4,10,6,3,
1,5,7,10,6,3,4,
1,3,6,9,4,8,5,7,
1,2,1,9,8,7,
17,7,1,2,5,
1,8,9,3,6,5,
1,6,3,9,10,
1,3,6,4,7,8,5,10,9,2,1,
1,1,2,5,8,9,10,7,
2,1,2,5,7,9,8,
1,1,5,8,2,7,
8,9,4,
1,4,7,10,5,
1,3,6,8,5,7,
1,7,4,5,3,9,
1,7,5,9,4,
1,8,6,4,9,2,5,7,3,10,1,
1,6,4,3,9,
1,8,4,9,7,5,6,3,10,2,1,
2,3,6,4,8,9,10,7,5,1,2,
1,1,7,10,
1,8,9,1,2,5,7,10,
1,5,3,8,6,9,4,10,7,2,
1,6,3,4,8,7,10,9,5,
2,7,8,5,9,
1,2,3,6,
1,9,8,1,2,5,
91,8,9,
8,6,3,4,5,
1,6,3,8,4,10,
1,1,2,4,8,9,7,5,
1,3,9,8,
1,6,3,7,4,
1,8,4,1,
31,3,6,10,
1,3,6,4,8,5,7,
1,4,3,6,5,9,7,10,8,
1,6,3,10,8,1,2,7,5,4,9,
1,1,2,9,8,10,7,5,
2,3,4,6,7,5,
1,6,9,3,4,
1,6,3,4,5,7,9,
1,3,6,4,5,7,8,9,10,2,1,
5,8,2,9,
1,9,8,1,2,4,
1,7,9,2,8,
1,10,4,9,3,8,1,2,6,5,7,
3,3,6,4,9,8,
1,6,3,4,8,9,10,7,5,1,2,
1,5,7,8,9,3,4,6,
3,5,6,3,8,
1,8,6,3,5,
1,3,4,6,5,7,8,
2,5,3,6,7,
1,3,6,9,8,5,4,7,10,2,1,
1,5,7,9,8,1,2,
1,4,6,9,3,8,
1,7,8,5,2,1,9,4,10,3,6,
1,3,6,8,4,5,10,9,7,2,1,
1,5,7,3,6,10,4,
6,7,2,
1,4,3,6,9,8,10,
4,5,8,9,7,
1,8,9,7,5,4,1,2,10,3,6,
2,3,6,10,4,5,7,9,8,1,2,
1,4,8,3,5,9,7,
2,4,5,7,9,
1,5,1,2,8,9,7,
1,5,6,7,8,
1,3,6,1,2,10,9,5,7,4,8,
1,3,6,4,7,5,
1,5,4,6,3,9,8,10,7,
1,5,10,7,3,8,9,6,4,1,2,
1,8,9,7,1,2,
2,3,6,9,8,
1,3,6,7,8,5,
28,5,7,9,
5,8,7,5,4,
4,5,7,8,1,
3,8,5,6,
1,6,3,4,5,7,8,9,10,1,2,
1,2,1,9,5,8,10,7,4,6,3,
1,1,2,8,9,10,5,7,4,3,6,
1,5,1,9,2,
1,3,4,6,7,8,5,2,9,1,10,
127,1,2,5,
1,10,4,3,6,5,7,8,9,1,2,
1,3,6,4,1,2,8,9,
1,9,3,8,2,1,
3,3,6,7,4,
3,5,4,8,9,
2,8,9,3,5,
2,1,2,5,8,7,
1,3,6,4,9,8,10,
1,8,9,7,5,4,1,2,6,3,10,
1,5,7,9,3,
1,1,3,8,9,
1,1,3,8,2,
1,4,3,8,9,6,5,7,10,1,2,
15,5,8,4,
1,3,6,4,10,7,5,8,9,
4,8,1,5,
1,8,4,3,6,7,
1,3,6,8,9,10,5,7,4,
1,3,6,5,7,4,8,9,10,2,1,
1,7,9,8,2,5,
4,1,5,7,2,
1,2,4,5,
1,3,2,1,
1,3,6,4,7,5,9,
1,7,1,2,5,9,8,
1,4,3,8,7,
147,5,7,
44,8,5,7,
1,6,3,9,4,8,
15,3,6,9,
7,7,5,8,9,
1,1,2,7,4,8,
1,4,10,3,6,7,
1,2,1,8,9,5,7,4,10,3,6,
1,2,1,5,9,
1,5,3,8,7,
15,3,6,4,7,
3,3,6,4,10,9,8,7,5,2,1,
1,3,8,4,6,9,
1,4,6,3,10,5,8,7,9,2,1,
1,3,6,5,7,9,
3,4,3,6,9,
28,8,9,7,
2,5,2,7,
4,5,4,9,
1,9,8,7,5,4,
1,9,6,4,3,7,8,5,
1,3,5,6,8,4,10,
1,9,4,6,7,
1,3,4,5,6,8,9,
2,8,9,7,5,10,4,3,6,2,1,
13,5,7,2,1,
1,3,6,8,9,7,10,4,5,1,2,
1,3,8,4,6,5,7,9,
1,8,1,3,5,6,7,4,9,10,
1,1,2,8,9,5,7,10,4,6,3,
1,7,8,4,
1,5,7,9,2,1,8,3,4,6,
68,7,5,
24,3,6,4,8,9,
2,4,8,3,6,5,
1,7,5,1,2,9,4,8,
1,4,3,7,5,
1,3,6,4,9,8,7,5,10,1,2,
1,4,6,9,5,
2,5,7,1,2,9,
1,8,5,9,1,2,
1,8,10,3,7,4,9,
1,3,6,4,8,9,5,7,
2,3,6,4,5,7,10,9,8,2,1,
2,7,6,3,
1,3,8,6,4,7,
1,6,3,8,9,4,
5,9,5,8,
1,3,4,8,10,6,9,
1,1,8,9,7,
2,1,2,9,8,5,7,10,4,6,3,
1,8,6,5,4,3,10,
2,3,7,4,
1,3,6,10,4,7,5,9,8,1,2,
1,6,3,4,7,5,8,9,10,
1,5,7,9,8,4,3,6,10,2,1,
1,9,4,3,10,8,6,2,1,5,7,
1,5,7,9,2,1,10,4,3,6,8,
2,3,6,8,4,9,5,7,10,1,2,
1,4,6,5,3,8,9,10,1,7,2,
1,6,5,3,9,8,7,10,4,
1,4,9,3,6,8,
1,6,5,3,4,2,1,
1,2,1,5,7,10,
1,1,2,8,9,5,7,4,10,3,6,
13,3,4,5,
1,9,4,3,5,
1,8,9,4,7,
1,1,2,5,7,8,9,4,10,6,3,
1,8,1,7,2,
1,5,4,6,3,
1,6,3,4,10,9,8,5,7,1,2,
3,4,8,9,3,
1,1,2,7,8,9,
1,3,6,5,10,7,8,4,9,2,1,
1,6,3,4,10,8,7,5,9,2,1,
1,8,3,4,5,
1,4,3,6,10,5,7,8,9,1,2,
1,7,3,8,6,4,5,
1,3,6,4,8,9,5,7,10,1,2,
1,8,10,3,6,9,7,5,4,1,2,
1,5,7,8,9,3,1,2,4,6,10,
1,1,2,5,8,7,9,4,6,3,10,
1,3,6,4,8,7,9,1,2,
1,8,9,4,3,
2,3,6,4,10,9,5,7,8,1,2,
1,3,6,8,7,9,
1,1,2,8,7,5,9,
1,3,5,4,6,7,9,10,8,1,2,
1,3,4,6,10,5,8,9,7,1,2,
5,7,4,5,
5,6,3,5,7,
7,3,6,4,10,5,7,8,9,1,2,
1,8,9,7,3,
3,2,1,3,
8,4,6,3,8,
1,7,5,8,3,
4,7,1,8,9,
1,3,6,7,8,9,4,5,1,2,10,
1,5,10,1,
1,4,9,3,10,
11,5,7,2,
1,7,5,4,8,9,3,6,1,2,10,
1,1,8,9,4,
1,1,2,5,9,8,
1,9,7,4,1,
1,7,8,3,
231,2,1,
8,1,2,7,8,
4,1,9,
1,5,7,10,1,2,9,8,3,6,4,
1,9,4,8,5,
1,3,6,8,10,4,5,7,9,1,2,
2,1,2,8,10,
1,6,8,4,9,
2,8,4,3,9,
1,5,3,7,4,6,8,9,10,
2,5,1,4,
2,3,6,4,5,7,9,10,8,2,1,
1,1,2,7,4,5,8,9,10,6,3,
22,4,6,3,
1,6,3,4,9,5,
1,8,3,10,6,5,7,2,1,4,9,
1,5,6,8,3,7,
2,9,5,
1,7,6,4,3,8,
1,3,6,8,4,5,7,
1,1,8,9,4,5,
1,4,9,8,6,3,5,
1,1,2,10,8,4,
1,7,5,3,4,9,8,1,2,6,10,
1,3,7,10,9,4,6,8,
1,9,4,3,6,
1,5,7,9,1,2,
1,4,9,8,1,
12,6,3,7,
22,8,5,9,
1,3,6,8,10,5,4,7,9,
1,9,10,8,
1,1,2,4,3,6,7,5,8,9,10,
1,5,7,1,2,3,4,6,8,9,10,
1,8,4,5,1,2,
1,5,3,6,4,7,
1,3,6,8,9,4,10,7,5,2,1,
84,3,4,6,
1,4,8,3,5,9,
27,8,7,
5,1,2,9,8,7,5,
3,6,3,4,5,8,
1,1,2,5,9,7,
1,6,3,4,8,9,5,7,10,1,2,
1,1,8,7,5,
1,8,1,9,4,5,7,6,3,2,10,
1,6,3,4,10,9,8,7,2,1,5,
1,8,1,9,2,4,7,10,5,3,6,
1,8,5,7,1,2,4,9,10,3,6,
1,3,6,4,8,7,10,9,5,2,1,
1,3,8,1,10,
1,5,4,7,9,10,8,1,2,3,6,
1,3,7,6,8,
1,4,3,9,5,
1,5,3,1,
1,4,5,6,7,3,
4,8,3,6,10,
5,8,2,
1,4,3,6,9,5,
1,3,6,9,7,4,
1,8,2,9,1,7,5,
1,1,4,6,
1,6,3,4,7,8,
1,1,2,7,5,9,
1,8,1,7,2,5,9,
1,5,4,7,6,3,
1,1,9,2,5,
1,4,3,6,5,7,9,8,1,2,10,
1,3,6,10,7,5,9,8,4,1,2,
2,8,6,3,4,9,5,10,7,2,1,
1,6,3,5,10,
2,7,1,2,4,
4,4,8,7,
1,10,1,9,2,
1,8,3,6,9,5,7,
3,3,6,1,2,
1,5,4,7,9,
2,3,6,4,5,8,9,
1,5,2,6,
1,8,7,9,1,2,5,10,6,3,4,
1,5,9,4,8,
2,1,2,9,8,5,7,4,10,6,3,
4,5,8,9,4,
2,3,6,5,7,4,
2,2,5,1,
1,1,2,10,5,
21,1,2,4,
1,5,1,2,4,7,
2,1,3,
1,1,8,2,5,7,9,
4,1,2,5,7,8,
1,8,5,3,4,
1,4,5,3,6,9,8,10,7,1,2,
7,1,2,5,7,9,
1,5,7,1,2,10,8,9,
1,5,4,3,6,9,8,10,7,
2,1,2,5,7,8,9,10,4,3,6,
1,1,8,2,10,9,
18,9,8,
1,8,9,5,2,1,7,
1,5,8,4,9,7,
3,4,5,7,3,6,
1,9,1,2,8,7,5,
1,4,3,9,6,8,7,5,10,1,2,
2,7,8,5,1,
1,3,5,1,7,2,4,9,6,8,10,
1,1,2,7,5,4,9,8,6,3,10,
1,4,6,3,8,9,10,7,5,2,1,
1,1,2,5,8,7,9,
3,5,8,1,2,
3,7,8,1,2,
1,3,6,8,4,7,9,5,2,1,10,
1,5,7,8,3,
5,1,2,8,9,5,
1,9,4,8,2,1,
1,4,9,3,5,7,8,6,10,1,2,
1,6,3,4,5,7,8,10,
2,3,6,5,10,7,
1,3,6,5,7,10,4,8,9,
1,8,6,3,10,
3,3,6,4,10,5,8,
14,5,8,3,
1,8,9,5,7,1,2,4,10,6,3,
7,8,5,4,9,
1,2,1,9,4,
1,5,3,8,4,6,7,9,10,2,1,
1,4,9,8,5,7,1,2,3,6,10,
1,2,1,8,7,5,9,6,10,3,
10,7,8,5,
56,8,5,
2,5,7,4,9,8,
1,3,4,6,7,5,8,9,10,1,2,
1,5,8,9,2,
2,3,7,
1,6,3,4,8,10,
6,7,1,2,8,
1,1,7,2,9,8,10,
1,5,7,6,1,3,2,8,9,4,10,
1,3,6,4,5,7,9,
1,7,10,5,4,
1,3,6,5,2,1,
14,4,8,9,
1,9,8,4,3,
5,6,3,4,7,
1,6,7,5,3,
1,5,10,7,8,9,2,1,6,4,3,
1,8,1,2,7,9,10,
2,7,5,8,1,
121,1,2,5,7,
2,8,3,4,6,9,
3,4,3,7,
2,3,5,6,7,4,
5,4,7,8,
1,5,7,8,10,
1,6,4,3,10,8,9,7,5,1,2,
12,3,6,4,9,
1,8,5,4,3,9,
1,3,6,4,5,7,8,10,9,
3,5,8,1,
1,5,2,1,7,4,3,6,9,10,8,
1,1,8,2,9,5,7,
1,6,3,4,5,7,10,
1,8,6,5,4,
"Candidate 1","Kate Campbell","Conservative and Unionist Party (Con)",
"Candidate 2","Gerald Edwards","Conservative and Unionist Party (Con)",
"Candidate 3","Annette Ireland","Scottish National Party (SNP)",
"Candidate 4","Gordon Keenan","Green (Gr)",
"Candidate 5","David Macdonald","Independent (Ind)",
"Candidate 6","David Tam Mcdonald","Scottish National Party (SNP)",
"Candidate 7","Stewart Miller","Independent (Ind)",
"Candidate 8","Katie Victoria Pragnell","Labour and Co-operative Party (LabCo)",
"Candidate 9","Daphne Vlastari","Liberal Democrat (LD)",
"Candidate 10","Colette Walker","Independence for Scotland Party (ISP)",
""""Ward 4 ‚Äê Clarkston Netherlee and Williamwood"""",