election_name,n_cands,sigma_UM_worst_case_asin,sigma_UM_winner_set_worst_case_asin,sigma_IIA_winner_set_average,sigma_IIA_average
eilean_siar_2022_ward3,3,1.0,1.0,1.0,1.0
eilean_siar_2022_ward4,3,1.0,1.0,1.0,1.0
east_dunbartonshire_2012_ward1,4,1.0,1.0,1.0,1.0
south_ayrshire_2012_ward8,4,0.9523372734706276,1.0,1.0,1.0
aberdeenshire_2017_ward1,4,0.8387254449092181,0.8387254449092181,1.0,1.0
sc_borders_2017_ward11,4,1.0,1.0,1.0,1.0
argyll_bute_2012_ward11,4,0.6354919863510696,0.6354919863510696,0.625,0.8333333333333334
falkirk_2017_ward7,4,0.782676352269344,1.0,1.0,0.75
north_lanarkshire_2012_ward13,4,1.0,1.0,1.0,1.0
aberdeen_2017_ward11,4,0.8496111600845342,0.8496111600845342,1.0,1.0
eilean_siar_2012_ward3,4,0.8719736949873724,0.8719736949873724,0.875,0.9166666666666666
aberdeenshire_2022_ward6,4,0.8638168934448242,0.8638168934448242,0.875,0.9166666666666666
eilean_siar_2017_ward4,4,0.8039449311860344,0.8039449311860344,0.875,0.9166666666666666
shetland_2017_ward6,4,1.0,1.0,1.0,1.0
moray_2017_ward1,4,0.8887504962237213,1.0,0.875,0.75
moray_2012_ward7,4,0.7696097434940229,0.7946476862196241,0.875,0.8333333333333334
south_ayrshire_2012_ward6,4,0.9415273163446883,0.9415273163446883,1.0,1.0
aberdeenshire_2017_ward16,4,0.864917872594473,0.864917872594473,1.0,1.0
shetland_2017_ward2,4,1.0,1.0,1.0,1.0
south_lanarkshire_2012_ward16,4,0.7880325996717433,0.7880325996717433,0.875,0.8333333333333334
east_ayrshire_2012_ward2,4,0.8830602845360783,1.0,1.0,0.9166666666666666
dumgal_2012_ward1,4,0.909117625139922,1.0,1.0,0.9166666666666666
clackmannanshire_2012_ward5,4,0.8148283316787365,0.9005361983314496,0.875,0.6666666666666667
falkirk_2012_ward8,4,1.0,1.0,1.0,1.0
moray_2017_ward7,4,0.7708070079249194,1.0,1.0,0.8333333333333334
moray_2017_ward3,4,0.9219175099190682,0.9298242640512439,0.75,0.5833333333333334
orkney_2012_ward6,4,0.9411163708604036,0.9411163708604036,0.875,0.9166666666666666
shetland_2012_ward5,4,1.0,1.0,1.0,1.0
angus_2012_ward1,4,0.8788554177119294,1.0,0.875,0.75
eilean_siar_2022_ward5,4,1.0,1.0,1.0,1.0
south_ayrshire_2017_ward6,4,1.0,1.0,1.0,0.8333333333333334
argyll_bute_2022_ward1,4,0.8946383322072923,0.8946383322072923,1.0,1.0
stirling_2012_ward5,4,1.0,1.0,1.0,1.0
east_dunbartonshire_2012_ward7,4,1.0,1.0,1.0,1.0
highland_2022_inverness_millburn,4,0.7579890474742182,0.7579890474742182,0.875,0.9166666666666666
midlothian_2022_ward2,4,0.7645584536713003,0.7645584536713003,0.875,0.9166666666666666
north_lanarkshire_2012_ward9,4,1.0,1.0,1.0,1.0
dumgal_2012_ward2,4,0.8546854568143276,0.8546854568143276,0.875,0.9166666666666666
east_ayrshire_2017_ward2,5,0.7362229273614895,0.7362229273614895,0.9,0.9333333333333333
east_dunbartonshire_2022_ward7,5,0.8681122419506362,1.0,1.0,1.0
south_lanarkshire_2022_ward19,5,0.8091760117471618,1.0,1.0,0.8333333333333334
aberdeenshire_2017_ward4,5,0.8793924519176654,1.0,0.9333333333333332,0.9
north_lanarkshire_2022_ward14,5,0.834849714139915,1.0,1.0,0.9333333333333333
argyll_bute_2022_ward11,5,0.7336642888611047,0.7470022022229879,0.9,0.8333333333333334
east_dunbartonshire_2012_ward4,5,0.8020904158454613,1.0,1.0,0.9
east_ayrshire_2012_ward6,5,0.8066451562136777,0.9206057698998283,1.0,0.9333333333333333
argyll_bute_2017_ward10,5,0.6535393344598365,0.8355355407081193,0.9333333333333332,0.9666666666666667
fife_2012_ward21,5,1.0,1.0,1.0,1.0
renfrewshire_2022_ward2,5,0.5742179196759095,1.0,0.9,0.7333333333333333
north_lanarkshire_2017_ward10,5,1.0,1.0,0.9,0.8666666666666667
aberdeenshire_2022_ward2,5,1.0,1.0,0.9,0.9666666666666667
perth_kinross_2022_ward5,5,0.8124387354024719,0.8124387354024719,0.8,0.7
east_renfrewshire_2012_ward4,5,0.8354916280119878,0.9081706614167512,0.9,0.9333333333333333
north_lanarkshire_2012_ward10,5,1.0,1.0,1.0,0.9333333333333333
dumgal_2022_ward5,5,0.8083066045676984,1.0,1.0,0.8333333333333334
orkney_2022_ward1,5,0.7904533586419978,1.0,1.0,0.9333333333333333
aberdeenshire_2012_ward1,5,1.0,1.0,1.0,0.9666666666666667
orkney_2022_ward6,5,0.9204089234680938,1.0,1.0,1.0
shetland_2017_ward4,5,1.0,1.0,1.0,1.0
moray_2012_ward3,5,1.0,1.0,0.9,0.9333333333333333
dumgal_2022_ward6,5,0.7212754753041125,1.0,0.9333333333333332,0.9666666666666667
edinburgh_2017_ward3,5,0.8751023497502955,0.8751023497502955,0.9,0.9666666666666667
midlothian_2012_ward6,5,1.0,1.0,0.9,0.8666666666666667
dumgal_2017_ward7,5,0.7153723965473875,0.7153723965473875,0.9,0.8666666666666667
south_ayrshire_2012_ward7,5,0.7880033866568656,0.8410004422399014,0.9333333333333332,0.8
moray_2017_ward2,5,0.8734056929335658,1.0,0.9,0.8666666666666667
moray_2012_ward2,5,1.0,1.0,0.9,0.9333333333333333
edinburgh_2017_ward15,5,0.7083024701437999,0.7528819451795973,0.9333333333333333,0.6666666666666667
west_dunbartonshire_2022_ward1,5,0.8068870517594202,1.0,1.0,0.9
angus_2017_ward4,5,0.9223350952167144,1.0,0.8666666666666666,0.8666666666666667
south_lanarkshire_2022_ward2,5,1.0,1.0,1.0,1.0
aberdeenshire_2012_ward16,5,0.8030378285814248,1.0,1.0,0.9666666666666667
inverclyde_2012_ward1,5,0.7722960531260741,1.0,1.0,0.8666666666666667
highland_2022_east_sutherland,5,0.724306959100535,1.0,1.0,0.9666666666666667
east_ayrshire_2022_ward6,5,0.7556082957745746,1.0,0.9,0.9
falkirk_2012_ward1,5,1.0,1.0,0.9,0.9333333333333333
north_lanarkshire_2022_ward12,5,0.637777528511258,0.637777528511258,0.8,0.7333333333333333
moray_2012_ward4,5,0.7234716953628075,0.7234716953628075,0.8333333333333333,0.9
orkney_2017_ward5,5,0.7831004833594805,0.8108915644427822,0.9,0.9
inverclyde_2022_ward7,5,1.0,1.0,0.9,0.9
perth_kinross_2012_ward5,5,0.73112116992477,1.0,1.0,0.9
north_lanarkshire_2017_ward14,5,0.8078291543696166,1.0,0.9,0.8666666666666667
falkirk_2012_ward6,5,0.8017835425019438,1.0,1.0,0.9
eilean_siar_2012_ward8,5,0.8807367617074643,1.0,1.0,1.0
highland_2022_wester_ross_strathpeffer_and_lochalsh,5,0.6858620793615662,0.6858620793615662,0.7333333333333332,0.7
shetland_2012_ward1,5,1.0,1.0,1.0,1.0
shetland_2017_ward1,5,0.8330209677320749,1.0,1.0,0.9333333333333333
moray_2022_ward1,5,0.9115515780718313,1.0,1.0,0.9333333333333333
dumgal_2022_ward2,5,0.7876303224559293,1.0,0.9333333333333332,0.8333333333333334
dumgal_2022_ward8,5,0.8567906085626313,1.0,0.9333333333333332,0.8333333333333334
edinburgh_2017_ward13,5,0.7005269987385079,1.0,1.0,0.9
east_ayrshire_2012_ward5,5,0.9384616480872904,0.9384616480872904,0.8333333333333333,0.8333333333333334
dumgal_2012_ward9,5,0.8111959605406457,0.9618409372154748,0.9333333333333332,0.8
fife_2012_ward9,5,1.0,1.0,1.0,1.0
west_dunbartonshire_2022_ward4,5,0.7869847263307345,1.0,0.9,0.9333333333333333
east_dunbartonshire_2012_ward5,5,1.0,1.0,1.0,1.0
sc_borders_2012_ward6,5,0.9094176603228512,1.0,0.9,0.8333333333333334
falkirk_2012_ward9,5,0.9305580465465546,0.9305580465465546,0.9,0.8666666666666667
fife_2012_ward2,5,0.753759512441308,1.0,1.0,0.9333333333333333
edinburgh_2022_ward15,5,0.791487123083985,1.0,0.9333333333333332,0.8666666666666667
west_dunbartonshire_2017_ward4,5,1.0,1.0,0.9,0.9333333333333333
highland_2022_fort_william,5,1.0,1.0,1.0,0.9666666666666667
aberdeenshire_2017_ward7,5,0.7408450466364498,1.0,1.0,0.9666666666666667
east_renfrewshire_2012_ward3,5,0.8441294344690192,0.8441294344690192,0.9,0.8666666666666667
sc_borders_2017_ward2,5,0.7910401426257155,0.8042419117074534,0.8,0.7666666666666667
west_lothian_2012_ward9,5,1.0,1.0,1.0,0.9666666666666667
north_lanarkshire_2017_ward16,5,0.7169484315778378,1.0,0.9,0.8333333333333334
clackmannanshire_2012_ward4,5,0.793893852738161,1.0,1.0,0.8666666666666667
highland_2012_ward3,5,1.0,1.0,1.0,1.0
renfrewshire_2022_ward10,5,0.6859196058432496,0.6859196058432496,0.8666666666666666,0.7666666666666667
eilean_siar_2017_ward7,5,0.9706453228057929,1.0,1.0,1.0
shetland_2022_ward5,5,1.0,1.0,1.0,1.0
eilean_siar_2022_ward8,5,0.9125917681986087,0.9125917681986087,1.0,1.0
east_ayrshire_2017_ward5,5,0.8761023418730359,1.0,1.0,0.9333333333333333
falkirk_2012_ward4,5,1.0,1.0,1.0,0.8666666666666667
perth_kinross_2012_ward1,5,0.8035533217266894,1.0,1.0,0.9333333333333333
aberdeen_2022_ward11,5,0.9250566398838777,0.9250566398838777,1.0,1.0
perth_kinross_2012_ward7,5,0.9217671216362429,1.0,0.9,0.9
west_dunbartonshire_2022_ward5,5,0.913097383261115,1.0,1.0,0.9333333333333333
moray_2022_ward4,5,0.808726307077323,0.808726307077323,0.8,0.8333333333333334
moray_2012_ward6,5,0.864800940435018,1.0,0.9,0.9333333333333333
dumgal_2012_ward7,5,0.609690983944524,0.6183409256692819,0.8666666666666666,0.8333333333333334
angus_2017_ward6,5,0.9035950934167349,1.0,0.9333333333333332,0.9333333333333333
south_ayrshire_2017_ward7,5,0.7651984828400731,1.0,1.0,0.9333333333333333
north_lanarkshire_2012_ward16,5,0.7747810892700114,1.0,1.0,0.9333333333333333
orkney_2022_ward5,5,0.7335528129386361,0.8523580620267399,0.9,0.8666666666666667
renfrewshire_2017_ward11,5,1.0,1.0,1.0,0.9666666666666667
aberdeenshire_2012_ward13,5,0.8461232885629834,1.0,1.0,0.8666666666666667
aberdeenshire_2012_ward10,5,0.8506097875340821,0.8506097875340821,0.9,0.9333333333333333
shetland_2017_ward7,5,0.8804490677905493,0.9299337137530185,0.9333333333333333,0.9666666666666667
renfrewshire_2022_ward11,5,0.8598645947915733,1.0,1.0,0.8333333333333334
fife_2012_ward18,5,0.6986484704123992,1.0,1.0,0.9
angus_2022_ward2,5,0.8134973072643171,1.0,1.0,0.9
south_ayrshire_2017_ward4,5,1.0,1.0,0.9,0.9
perth_kinross_2012_ward3,5,0.7646378215131889,1.0,1.0,0.9666666666666667
east_ayrshire_2012_ward4,5,1.0,1.0,1.0,0.8666666666666667
east_lothian_2012_ward2,5,0.7501281559375628,0.7736689173103346,0.9,0.8666666666666667
north_lanarkshire_2022_ward21,5,0.641097034263591,0.641097034263591,0.7333333333333333,0.7666666666666666
highland_2022_tain_and_easter_ross,5,0.7873834902725916,0.7873834902725916,0.9,0.9
shetland_2022_ward7,5,0.8834997370215675,1.0,1.0,0.9333333333333333
moray_2022_ward2,5,1.0,1.0,0.9,0.9666666666666667
south_ayrshire_2012_ward3,5,0.7245877131021777,0.7245877131021777,0.9333333333333332,0.8
aberdeenshire_2012_ward15,5,0.8122523805207581,0.8348955812340383,1.0,1.0
inverclyde_2017_ward1,5,0.7859806455032422,1.0,1.0,0.9333333333333333
aberdeenshire_2017_ward15,5,0.7754357870677916,1.0,1.0,0.9666666666666667
dumgal_2017_ward11,5,0.8584494199340914,1.0,1.0,1.0
aberdeenshire_2017_ward9,5,1.0,1.0,0.8666666666666666,0.8666666666666667
dumgal_2022_ward7,5,0.7633596619137543,0.8432422366098772,0.8333333333333333,0.8
aberdeenshire_2017_ward10,6,1.0,1.0,0.9166666666666666,0.9
renfrewshire_2022_ward8,6,0.796947676018562,1.0,1.0,0.9333333333333333
sc_borders_2012_ward5,6,0.8275167780037372,0.8275167780037372,0.8333333333333334,0.9833333333333333
east_ayrshire_2022_ward1,6,0.808661066711227,0.8529770026324717,0.9444444444444443,0.8333333333333334
shetland_2017_ward3,6,0.8966533866169978,1.0,1.0,1.0
argyll_bute_2012_ward8,6,1.0,1.0,1.0,0.9833333333333333
north_lanarkshire_2012_ward19,6,1.0,1.0,0.9444444444444445,0.95
aberdeenshire_2022_ward7,6,0.8860960269515546,1.0,0.9444444444444443,0.8166666666666667
clackmannanshire_2017_ward3,6,0.7040306447436521,0.7040306447436521,0.8333333333333334,0.9166666666666666
west_lothian_2022_ward1,6,0.7841913017859735,1.0,1.0,0.9166666666666666
north_lanarkshire_2012_ward8,6,1.0,1.0,0.9166666666666666,0.9333333333333333
south_lanarkshire_2012_ward11,6,0.7738762244488377,0.7738762244488377,0.9166666666666666,0.9333333333333333
inverclyde_2022_ward6,6,0.7753612702025849,1.0,0.9166666666666666,0.9166666666666666
aberdeenshire_2017_ward6,6,1.0,1.0,0.9166666666666666,0.9333333333333333
east_ayrshire_2022_ward4,6,0.8239887838891083,1.0,0.9444444444444443,0.9666666666666667
angus_2022_ward7,6,0.6970668188717835,0.6970668188717835,0.9166666666666666,0.95
stirling_2012_ward6,6,0.7890963222902838,1.0,1.0,0.9166666666666666
edinburgh_2017_ward8,6,0.8548947527622344,1.0,0.9166666666666666,0.9666666666666667
shetland_2012_ward4,6,1.0,1.0,1.0,1.0
west_lothian_2012_ward6,6,0.9679827214100848,0.9679827214100848,0.8333333333333334,0.9
fife_2022_ward13,6,0.8242164189191103,1.0,1.0,0.9833333333333333
moray_2022_ward5,6,0.7876746012984952,1.0,0.9444444444444443,0.9666666666666667
dumgal_2022_ward10,6,0.7427550203128709,0.7850681549435454,0.9444444444444443,0.8333333333333334
moray_2012_ward1,6,0.839433155860071,1.0,1.0,0.9666666666666667
east_dunbartonshire_2017_ward3,6,0.7725647721147211,0.7921222526723737,0.9166666666666666,0.9333333333333333
eilean_siar_2017_ward5,6,0.9120772236134184,1.0,1.0,0.9833333333333333
highland_2022_wick_and_east_caithness,6,0.7421581157858039,0.7421581157858039,0.8888888888888888,0.95
east_ayrshire_2022_ward9,6,0.8086137996294829,0.9165810573792101,1.0,1.0
argyll_bute_2017_ward2,6,0.846330833892773,0.846330833892773,0.9166666666666666,0.9833333333333333
aberdeenshire_2017_ward14,6,1.0,1.0,0.9444444444444445,0.8833333333333333
falkirk_2017_ward1,6,0.7977160276811113,0.8323137062080287,0.9166666666666666,0.9166666666666666
inverclyde_2017_ward3,6,0.8192241381996466,1.0,0.9166666666666666,0.9
eilean_siar_2012_ward9,6,0.8191512453199046,1.0,1.0,0.95
sc_borders_2022_ward1,6,0.7459594172741206,0.7459594172741206,0.9166666666666666,0.85
east_dunbartonshire_2022_ward5,6,0.8035302473233794,1.0,0.9166666666666666,0.9666666666666667
north_lanarkshire_2022_ward10,6,0.8430229981869933,1.0,0.9166666666666666,0.95
east_ayrshire_2022_ward8,6,0.7694094798953051,0.7694094798953051,0.9444444444444443,0.9166666666666666
edinburgh_2022_ward14,6,0.6527263624148171,0.6527263624148171,0.8888888888888888,0.85
south_lanarkshire_2012_ward2,6,0.7603706771347266,0.8694660043267267,0.7777777777777778,0.85
moray_2022_ward7,6,0.8281107313127454,1.0,1.0,0.9333333333333333
east_lothian_2017_ward6,6,0.7958766820012834,0.9141502270142597,0.9166666666666666,0.9166666666666666
angus_2012_ward8,6,1.0,1.0,1.0,0.9166666666666666
aberdeenshire_2012_ward14,6,0.904533950551011,0.9465391711599312,0.9444444444444445,0.9
stirling_2017_ward5,6,1.0,1.0,0.9166666666666666,0.9
edinburgh_2017_ward11,6,0.7699194666313183,0.9127144099277069,0.9444444444444443,0.95
north_lanarkshire_2012_ward12,6,0.7276212919504038,0.7276212919504038,0.8333333333333334,0.8333333333333334
north_lanarkshire_2012_ward15,6,0.8041859529953114,1.0,1.0,0.9666666666666667
angus_2017_ward1,6,0.7566167767218528,1.0,0.9166666666666666,0.9
argyll_bute_2017_ward6,6,0.7563219917413913,1.0,0.9166666666666666,0.9
south_ayrshire_2012_ward1,6,0.8042808681121931,1.0,0.9444444444444443,0.8666666666666667
edinburgh_2012_ward6,6,0.7904587445509843,0.9145683881575566,0.9166666666666666,0.95
edinburgh_2012_ward11,6,0.7937672431573257,0.7937672431573257,0.75,0.9833333333333333
aberdeenshire_2022_ward8,6,0.8565205628451248,0.8783567191958436,0.8333333333333334,0.7166666666666666
fife_2022_ward18,6,0.790545616199761,0.790545616199761,0.9444444444444445,0.95
west_lothian_2012_ward2,6,0.9423315029761927,1.0,0.8888888888888888,0.9
east_dunbartonshire_2017_ward5,6,0.7576473194418729,0.7802981800293449,0.75,0.8833333333333333
clackmannanshire_2012_ward3,6,1.0,1.0,0.9166666666666666,0.9333333333333333
south_lanarkshire_2012_ward13,6,0.7653357987481206,1.0,0.9166666666666666,0.9333333333333333
aberdeenshire_2022_ward11,6,0.7942933586417265,1.0,0.9444444444444443,0.9
perth_kinross_2022_ward7,6,1.0,1.0,0.9166666666666666,0.9
edinburgh_2012_ward9,6,1.0,1.0,1.0,1.0
east_ayrshire_2012_ward7,6,0.7541377319218246,0.7541377319218246,0.8888888888888888,0.8666666666666667
midlothian_2017_ward1,6,0.7928523345559644,0.8748515984209562,0.9166666666666666,0.8333333333333334
inverclyde_2012_ward4,6,0.7382059585919941,1.0,1.0,0.9833333333333333
falkirk_2022_ward1,6,0.8872563126194096,1.0,1.0,0.9666666666666667
south_lanarkshire_2022_ward13,6,0.7744938349615297,0.862340852457818,0.9166666666666666,0.95
perth_kinross_2017_ward4,6,0.9240983872539441,0.9240983872539441,0.9166666666666666,0.9666666666666667
eilean_siar_2022_ward7,6,0.8746562322029139,1.0,1.0,0.9333333333333333
north_lanarkshire_2022_ward18,6,0.8727767588377686,1.0,1.0,0.9333333333333333
west_lothian_2012_ward1,6,0.8407602719753536,0.8407602719753536,0.9166666666666666,0.9666666666666667
north_ayrshire_2022_arran,6,0.8508568796401047,1.0,1.0,0.9
south_lanarkshire_2012_ward9,6,0.7911713325510112,0.8417239401478238,0.75,0.8666666666666667
inverclyde_2017_ward2,6,0.7500946787343717,0.8910617480163874,0.9166666666666666,0.95
north_lanarkshire_2012_ward14,6,0.8281056048733485,1.0,1.0,0.9666666666666667
aberdeenshire_2012_ward7,6,0.8192325047702181,0.8192325047702181,0.9166666666666666,0.95
dumgal_2012_ward6,6,0.7509778738741287,1.0,0.9444444444444443,0.8333333333333334
south_lanarkshire_2012_ward4,6,0.9626271227340476,0.9626271227340476,0.9166666666666666,0.95
east_dunbartonshire_2017_ward2,6,0.8951802738181653,1.0,1.0,0.95
sc_borders_2022_ward10,6,0.836916538189602,0.8514031321437971,1.0,0.9166666666666666
north_ayrshire_2017_ward2,6,0.7869216174688848,0.7929146616411336,0.8333333333333334,0.95
aberdeenshire_2022_ward15,6,0.7511081310580976,0.7511081310580976,0.8333333333333334,0.8666666666666667
sc_borders_2012_ward1,6,0.759247718008788,0.759247718008788,0.9166666666666666,0.9166666666666666
moray_2022_ward8,6,0.8559161524609119,0.8559161524609119,0.7777777777777777,0.9166666666666666
highland_2012_ward17,6,1.0,1.0,1.0,1.0
eilean_siar_2012_ward2,6,1.0,1.0,1.0,1.0
orkney_2022_ward4,6,1.0,1.0,1.0,1.0
north_lanarkshire_2022_ward16,6,0.9164549005433321,0.9164549005433321,0.9166666666666666,0.9333333333333333
south_ayrshire_2022_ward7,6,0.900379817380108,1.0,0.9166666666666666,0.9166666666666666
midlothian_2017_ward5,6,0.7542846387818731,0.7542846387818731,0.8333333333333334,0.9
eilean_siar_2017_ward8,6,0.873443224457461,1.0,1.0,0.9333333333333333
orkney_2022_ward3,6,0.7441147999336013,0.7441147999336013,0.8333333333333334,0.9666666666666667
aberdeen_2017_ward10,6,0.6594677410524412,0.6594677410524412,0.8333333333333334,0.8833333333333333
south_ayrshire_2022_ward6,6,0.9589633026185368,1.0,0.9166666666666666,0.9666666666666667
sc_borders_2012_ward4,6,0.8566779837617919,1.0,1.0,0.9833333333333333
aberdeenshire_2017_ward2,6,1.0,1.0,0.9166666666666666,0.9333333333333333
south_lanarkshire_2017_ward16,6,0.9226970004805641,0.9247413092748479,1.0,0.9666666666666667
renfrewshire_2012_ward10,6,0.9182550593530033,1.0,1.0,0.95
south_lanarkshire_2012_ward10,6,0.9336568466088043,0.9336568466088043,0.861111111111111,0.9166666666666666
south_ayrshire_2017_ward1,6,0.9528899591284579,0.9694471335883384,0.9444444444444443,0.9166666666666666
aberdeenshire_2012_ward9,6,0.8902124328857561,1.0,1.0,0.95
north_ayrshire_2017_ward8,6,0.8787259807601154,1.0,0.9444444444444443,0.9333333333333333
perth_kinross_2017_ward3,6,1.0,1.0,0.9166666666666666,0.9333333333333333
south_ayrshire_2012_ward2,6,0.8913976216168089,1.0,0.9444444444444443,0.8666666666666667
dumgal_2012_ward3,6,0.913858401155354,1.0,1.0,0.95
south_ayrshire_2017_ward3,6,0.7524832608154641,0.9238829694096409,1.0,0.8833333333333333
north_ayrshire_2022_kilwinning,6,0.7439318223683107,0.7439318223683107,0.9444444444444443,0.9166666666666666
east_renfrewshire_2012_ward6,6,0.8401321318330335,0.9424184204772795,0.9166666666666666,0.95
east_dunbartonshire_2012_ward6,6,0.7665755206408778,1.0,1.0,0.9333333333333333
north_lanarkshire_2017_ward5,6,0.6934283055052828,0.6934283055052828,0.8333333333333334,0.8833333333333333
aberdeenshire_2017_ward12,6,0.8737349834135522,0.9701733675219985,0.9444444444444445,0.9333333333333333
sc_borders_2017_ward6,6,0.8286786102751864,0.8286786102751864,1.0,0.95
highland_2017_ward15,6,0.8088111064528153,0.8088111064528153,0.9166666666666666,0.95
falkirk_2017_ward2,6,0.7800039019060689,0.9591875657966608,0.9166666666666666,0.9333333333333333
angus_2012_ward7,6,0.9097514363924266,0.9594764220920553,1.0,0.95
south_lanarkshire_2012_ward20,6,0.8419630977590669,1.0,1.0,0.9666666666666667
aberdeenshire_2012_ward6,6,0.7272791710758834,0.9221593640475652,0.9166666666666666,0.95
east_dunbartonshire_2022_ward2,6,0.735509851666716,0.8098509357102802,1.0,0.9166666666666666
aberdeen_2022_ward7,6,0.744420560247638,0.7911059779127825,0.9166666666666666,0.9
perth_kinross_2022_ward6,6,0.7279705197086751,1.0,1.0,0.9166666666666666
aberdeen_2012_ward11,6,0.9739512471147422,1.0,1.0,0.9833333333333333
edinburgh_2017_ward9,6,0.7438959833152992,0.8703699737713022,0.9166666666666666,0.9833333333333333
east_lothian_2017_ward4,6,0.8305140656859249,1.0,1.0,0.95
falkirk_2012_ward5,6,0.8152261860513644,1.0,0.9166666666666666,0.9833333333333333
falkirk_2022_ward7,6,0.8034080101598265,0.8150532036231458,0.9166666666666666,0.9333333333333333
sc_borders_2012_ward2,6,0.8826262663000097,1.0,1.0,0.9666666666666667
east_ayrshire_2022_ward7,6,0.6937060031616417,0.6937060031616417,0.8888888888888888,0.9
south_lanarkshire_2012_ward14,6,0.8607616449988761,1.0,0.9166666666666666,0.9666666666666667
falkirk_2022_ward5,6,0.759953037580734,0.9718834106671208,0.9166666666666666,0.9166666666666666
moray_2017_ward6,6,0.8920098536200677,1.0,0.9166666666666666,0.9
midlothian_2022_ward5,6,0.8032931350449094,0.8218514064031095,0.9166666666666666,0.8833333333333333
dumgal_2017_ward12,6,0.7540540602742384,0.886133889381216,0.8333333333333334,0.9333333333333333
highland_2022_thurso,6,0.7326952766082043,0.7326952766082043,0.8888888888888888,0.9833333333333333
perth_kinross_2017_ward1,6,0.9281737732427078,0.9400980988032517,0.9166666666666666,0.9333333333333333
fife_2012_ward7,6,0.7201062550911249,0.7201062550911249,0.8333333333333334,0.9666666666666667
fife_2012_ward20,6,0.7755050346516922,1.0,1.0,0.9333333333333333
eilean_siar_2017_ward9,6,0.8366827593192798,1.0,0.8888888888888888,0.9833333333333333
east_ayrshire_2012_ward1,6,0.8133868987630948,0.9274849072213341,0.9166666666666666,0.8833333333333333
stirling_2012_ward3,6,0.7967433394964661,0.8948146129266721,0.9444444444444443,0.9166666666666666
north_lanarkshire_2022_ward9,6,0.8967502239875034,1.0,1.0,0.8833333333333333
south_lanarkshire_2012_ward7,6,0.8787998952023066,1.0,0.9166666666666666,0.95
east_ayrshire_2017_ward3,6,0.8608497669491624,1.0,1.0,0.9333333333333333
sc_borders_2017_ward10,6,0.8497903737645952,0.8732612003535267,1.0,0.95
east_lothian_2012_ward7,6,0.77580070387952,0.77580070387952,0.8333333333333334,0.9
dumgal_2017_ward4,6,0.7594255217124581,0.7594255217124581,1.0,0.95
north_lanarkshire_2022_ward17,6,0.6766757255279171,0.6766757255279171,0.7777777777777777,0.8333333333333334
dumgal_2012_ward8,6,0.7468884388520886,1.0,1.0,0.9
falkirk_2017_ward5,6,0.7960738903241804,0.8133659648933921,1.0,0.9833333333333333
highland_2017_ward7,6,0.718959704727237,0.720144073808442,0.8333333333333334,1.0
falkirk_2017_ward6,6,0.8157101730926383,1.0,1.0,0.9166666666666666
inverclyde_2012_ward2,6,1.0,1.0,1.0,0.9833333333333333
glasgow_2022_ward12,6,0.7710797486330495,1.0,1.0,0.95
angus_2012_ward2,6,0.7774030591281137,1.0,0.9166666666666666,0.95
south_ayrshire_2017_ward2,6,0.774021155877893,1.0,0.9444444444444443,0.8833333333333333
aberdeenshire_2022_ward16,6,0.7673688998271712,0.7673688998271712,0.9166666666666666,0.8833333333333333
north_lanarkshire_2017_ward18,6,0.7683999210664767,1.0,1.0,0.85
fife_2017_ward20,6,0.8558648268201776,1.0,1.0,0.9666666666666667
south_lanarkshire_2022_ward17,6,0.7467323713344597,0.7467323713344597,0.9166666666666666,0.95
north_ayrshire_2012_ward8,6,0.7874977476724788,0.7874977476724788,0.7777777777777777,0.8166666666666667
south_lanarkshire_2012_ward3,6,0.7367820958496525,0.7367820958496525,0.8333333333333334,0.85
south_lanarkshire_2017_ward11,6,0.7553593468698663,1.0,1.0,0.95
north_lanarkshire_2022_ward6,6,0.7292997544227873,1.0,0.9166666666666666,0.9
argyll_bute_2022_ward2,6,0.8511892228239583,1.0,1.0,1.0
moray_2022_ward6,6,0.8009494995174703,1.0,1.0,0.9
north_lanarkshire_2012_ward1,6,1.0,1.0,1.0,0.9666666666666667
east_dunbartonshire_2017_ward1,6,0.7336724186915591,1.0,1.0,0.8333333333333334
renfrewshire_2022_ward12,6,0.9317834003615619,0.9317834003615619,1.0,0.95
north_lanarkshire_2012_ward4,6,0.7176985390776058,1.0,1.0,0.9166666666666666
west_lothian_2017_ward9,6,0.928702153689123,1.0,1.0,0.9666666666666667
argyll_bute_2012_ward7,6,0.9052921925803475,1.0,1.0,1.0
east_dunbartonshire_2022_ward6,6,0.8278304373417756,1.0,1.0,0.95
north_lanarkshire_2012_ward6,6,1.0,1.0,0.8888888888888888,0.9
clackmannanshire_2017_ward5,6,0.8220889112521181,1.0,0.9166666666666666,0.9166666666666666
east_ayrshire_2012_ward3,6,0.7776290803647713,0.7776290803647713,0.9444444444444443,0.9166666666666666
inverclyde_2022_ward2,6,0.7841418094397173,0.7841418094397173,0.9166666666666666,0.9333333333333333
sc_borders_2022_ward4,6,0.8347426106638606,1.0,1.0,0.95
stirling_2012_ward1,6,0.8044254695757127,1.0,1.0,0.9666666666666667
aberdeenshire_2017_ward11,6,0.7864715587423649,1.0,0.9444444444444443,0.9
dundee_2012_ward8,6,0.7646062929129414,0.8224607236800829,0.8888888888888888,0.9
east_lothian_2012_ward5,6,1.0,1.0,1.0,0.9666666666666667
perth_kinross_2017_ward9,6,0.8928359726562002,1.0,0.9166666666666666,0.9333333333333333
angus_2012_ward4,6,0.653478996283656,0.6562586471342232,0.8888888888888888,0.8666666666666667
east_ayrshire_2022_ward2,6,0.834334677453532,1.0,0.9166666666666666,0.95
east_dunbartonshire_2012_ward3,6,1.0,1.0,1.0,1.0
argyll_bute_2012_ward3,6,1.0,1.0,1.0,1.0
east_ayrshire_2012_ward9,6,0.819822367805489,1.0,0.9166666666666666,0.9666666666666667
east_lothian_2012_ward6,6,0.8712284888021696,0.8712284888021696,1.0,1.0
midlothian_2012_ward1,6,0.7836295070014532,1.0,0.9166666666666666,0.9833333333333333
perth_kinross_2012_ward9,6,0.8072389915516962,0.8072389915516962,0.861111111111111,0.9166666666666666
aberdeenshire_2022_ward12,6,0.8787734860453965,1.0,0.9444444444444445,0.9666666666666667
glasgow_2022_ward11,6,1.0,1.0,1.0,1.0
aberdeenshire_2012_ward12,6,1.0,1.0,1.0,1.0
south_lanarkshire_2022_ward16,6,0.9686963248952649,0.9686963248952649,0.9166666666666666,0.95
argyll_bute_2012_ward10,6,0.7211413359946339,0.9541634215762136,1.0,0.8666666666666667
edinburgh_2017_ward10,6,0.7229753462234983,1.0,0.8888888888888888,0.7833333333333333
inverclyde_2022_ward3,6,0.7728545272562064,1.0,0.9166666666666666,0.9
south_ayrshire_2017_ward8,6,0.7919340831620897,0.7919340831620897,0.8333333333333334,0.9666666666666667
fife_2012_ward8,6,0.8429501437775256,1.0,1.0,0.9333333333333333
perth_kinross_2012_ward6,6,0.9018461322229998,1.0,0.9166666666666666,0.9333333333333333
fife_2012_ward12,6,0.7553297312294044,1.0,0.9166666666666666,0.9333333333333333
aberdeenshire_2017_ward5,6,0.9511521467639128,1.0,0.9444444444444443,0.9666666666666667
perth_kinross_2022_ward9,6,0.8156162388285008,1.0,0.9166666666666666,0.9166666666666666
east_dunbartonshire_2022_ward1,6,0.7604225839227642,0.7604225839227642,0.8333333333333334,0.9333333333333333
north_lanarkshire_2012_ward20,6,0.7613899474691717,0.7928962264926549,0.8888888888888888,0.8833333333333333
east_ayrshire_2022_ward5,6,0.8050177709578635,1.0,1.0,0.9666666666666667
shetland_2022_ward4,6,1.0,1.0,1.0,1.0
fife_2017_ward19,7,0.6318163136341334,0.6680076761486796,0.8571428571428571,0.9238095238095239
east_renfrewshire_2012_ward5,7,0.5937178063430517,0.5937178063430517,0.8571428571428571,0.9809523809523809
dumgal_2022_ward11,7,0.7663855365807154,0.7871863387736057,0.9047619047619048,0.9333333333333333
glasgow_2022_ward20,7,0.6404836728953466,0.6404836728953466,0.8095238095238095,0.9047619047619048
clackmannanshire_2012_ward1,7,0.7761741981223724,0.7761741981223724,0.9523809523809523,0.9714285714285714
highland_2017_ward8,7,0.8081548418435266,1.0,1.0,0.9714285714285714
edinburgh_2022_ward6,7,0.894291379869521,0.894291379869521,1.0,0.9809523809523809
clackmannanshire_2022_ward1,7,0.72283005423142,0.8115515917414288,0.9523809523809523,0.9238095238095239
fife_2017_ward2,7,0.7631508790536753,0.770930756331773,0.8571428571428571,0.9047619047619048
south_lanarkshire_2017_ward7,7,0.6845006536908363,1.0,0.9285714285714286,0.9619047619047619
south_ayrshire_2012_ward4,7,0.9591967654109662,1.0,0.9523809523809523,0.9333333333333333
highland_2012_ward15,7,1.0,1.0,0.9523809523809523,0.9904761904761905
highland_2017_ward16,7,0.8422337104209686,0.90766052171113,0.9285714285714286,0.9428571428571428
west_dunbartonshire_2017_ward3,7,0.670996749717779,0.670996749717779,0.7261904761904762,0.8666666666666667
fife_2012_ward3,7,0.8525586777501927,1.0,0.9523809523809523,0.9238095238095239
dundee_2012_ward3,7,0.8646825604849795,1.0,0.9523809523809523,0.9809523809523809
inverclyde_2012_ward6,7,0.9109071790249252,1.0,0.9285714285714286,0.9238095238095237
sc_borders_2022_ward8,7,1.0,1.0,1.0,0.9809523809523809
orkney_2012_ward5,7,0.7492394119997993,0.846472342424749,0.9285714285714286,0.9428571428571428
south_lanarkshire_2017_ward9,7,1.0,1.0,0.9285714285714286,0.9619047619047619
angus_2022_ward1,7,0.8760513218324121,1.0,0.9285714285714286,0.9047619047619048
fife_2017_ward10,7,0.7731730866319145,1.0,0.9285714285714286,0.9238095238095239
angus_2017_ward2,7,0.6885460635471445,0.6885460635471445,0.8571428571428571,0.9142857142857143
sc_borders_2022_ward6,7,0.8209117554362536,1.0,0.9285714285714286,0.9809523809523809
aberdeenshire_2012_ward17,7,0.7852205404797811,0.7852205404797811,0.869047619047619,0.9238095238095239
aberdeen_2022_ward9,7,0.7643756610149628,1.0,1.0,0.9238095238095239
renfrewshire_2012_ward6,7,0.8169786505756399,0.862739340327076,0.9523809523809523,0.9619047619047619
orkney_2017_ward2,7,1.0,1.0,1.0,1.0
falkirk_2022_ward3,7,0.7466061793156804,1.0,0.9523809523809524,0.9523809523809523
edinburgh_2012_ward5,7,0.863140348162755,0.863140348162755,0.9523809523809524,0.8952380952380953
argyll_bute_2017_ward3,7,0.8438493415223489,1.0,1.0,0.9809523809523809
south_lanarkshire_2012_ward19,7,0.7773637489580115,1.0,1.0,0.9809523809523809
east_renfrewshire_2022_ward3,7,0.7563176896793727,0.9160666019876659,1.0,0.9428571428571428
fife_2017_ward8,7,0.8338087114176287,1.0,1.0,0.9238095238095237
renfrewshire_2022_ward7,7,0.8072470545960548,1.0,1.0,0.9333333333333333
west_lothian_2012_ward4,7,0.716567912190581,1.0,1.0,0.9714285714285714
fife_2022_ward11,7,0.8650602536677581,1.0,0.9285714285714286,0.9523809523809523
north_lanarkshire_2022_ward15,7,0.8424170598759846,1.0,1.0,0.9428571428571428
perth_kinross_2012_ward2,7,0.7711086192644617,1.0,1.0,0.8761904761904762
orkney_2017_ward4,7,0.8922603243659748,1.0,1.0,0.9904761904761905
inverclyde_2017_ward5,7,0.8119540281774782,1.0,1.0,1.0
aberdeenshire_2022_ward9,7,0.9146728578843184,1.0,0.9523809523809524,0.8952380952380953
stirling_2012_ward7,7,0.9221962826938445,1.0,0.9285714285714286,0.9809523809523809
aberdeen_2012_ward4,7,0.8167385560547982,0.9456145312460658,0.9285714285714286,0.9047619047619048
glasgow_2022_ward22,7,0.744637785466295,0.8894899234303255,1.0,0.9619047619047619
fife_2012_ward11,7,0.8329922475749963,1.0,1.0,0.9619047619047619
dundee_2012_ward5,7,0.8348353224695647,0.9846348380992561,0.9285714285714286,0.9809523809523809
renfrewshire_2012_ward9,7,1.0,1.0,1.0,0.9809523809523809
renfrewshire_2012_ward11,7,0.8372909256807349,1.0,1.0,0.9523809523809523
highland_2017_ward13,7,0.7929254065651093,1.0,1.0,0.9619047619047619
north_lanarkshire_2022_ward11,7,0.7439521692051143,1.0,1.0,0.9333333333333333
aberdeen_2022_ward3,7,0.7479065642525428,0.9493638642491176,0.9285714285714286,0.9809523809523809
dumgal_2022_ward9,7,0.7859560297503315,0.8000272472956115,0.8571428571428571,0.8761904761904762
east_ayrshire_2017_ward4,7,0.7122526088469107,0.8122103184908377,0.9523809523809523,0.9523809523809523
fife_2012_ward13,7,0.7667273306183131,1.0,0.9285714285714286,0.9238095238095237
dundee_2012_ward7,7,0.8823935761681162,1.0,0.9285714285714286,0.9619047619047619
renfrewshire_2017_ward10,7,0.7955444545301158,0.9111309382970461,0.9523809523809523,0.9238095238095239
north_lanarkshire_2017_ward6,7,0.7131311698570635,1.0,0.9285714285714286,0.9619047619047619
aberdeenshire_2012_ward8,7,0.7823891542439259,0.9041078115503394,0.9047619047619048,0.9333333333333333
north_ayrshire_2017_ward9,7,0.7613335795191275,0.8764739369113508,0.9285714285714286,0.9428571428571428
aberdeenshire_2022_ward13,7,0.7997864650621733,1.0,0.9523809523809523,0.9619047619047619
north_lanarkshire_2017_ward21,7,0.7552652912649545,0.8079750017491815,0.9047619047619048,0.9523809523809523
highland_2017_ward11,7,0.7384811933723063,1.0,1.0,0.9904761904761905
perth_kinross_2022_ward2,7,0.8470448538844964,0.9038885648203161,0.9047619047619048,0.8571428571428572
argyll_bute_2012_ward1,7,0.9743741116189679,1.0,1.0,0.9523809523809523
edinburgh_2012_ward8,7,0.963971959789539,0.963971959789539,0.9285714285714286,1.0
renfrewshire_2017_ward2,7,0.7039978126513566,1.0,0.9285714285714286,0.9428571428571428
north_ayrshire_2017_ward10,7,0.7409085313379323,0.7409085313379323,0.8571428571428571,0.9333333333333333
moray_2012_ward5,7,0.7602404720528123,0.7602404720528123,0.9166666666666666,0.8857142857142857
inverclyde_2017_ward6,7,0.7584311820543997,1.0,0.9285714285714286,0.9714285714285714
north_ayrshire_2012_ward6,7,0.8142993370386702,1.0,1.0,0.9714285714285714
orkney_2012_ward3,7,0.8086148858395776,0.8086148858395776,0.8095238095238095,0.9714285714285714
east_ayrshire_2022_ward3,7,0.7710931389975204,1.0,1.0,0.9428571428571428
dumgal_2017_ward10,7,0.8176548569747228,0.8176548569747228,1.0,0.9523809523809523
midlothian_2017_ward3,7,0.776617834050534,1.0,0.9285714285714286,0.9428571428571428
sc_borders_2012_ward7,7,0.9384764239191867,1.0,1.0,1.0
edinburgh_2012_ward13,7,0.9721225516508749,0.9721225516508749,0.9285714285714286,0.9809523809523809
fife_2022_ward16,7,0.7227732584737239,1.0,1.0,0.9619047619047619
fife_2017_ward4,7,0.8043165361370057,0.8589613231335654,0.9047619047619048,0.8666666666666667
perth_kinross_2022_ward11,7,0.8473426193161714,1.0,0.9523809523809524,0.9714285714285714
edinburgh_2022_ward8,7,0.7548920783533581,0.7548920783533581,0.8571428571428571,0.9714285714285714
fife_2017_ward7,7,0.7602469391675942,0.7602469391675942,0.9523809523809523,0.9333333333333333
argyll_bute_2022_ward9,7,0.7809226946749599,0.7809226946749599,0.9285714285714286,0.9714285714285714
falkirk_2022_ward6,7,0.6625825816706561,0.6625825816706561,0.8214285714285714,0.9238095238095239
sc_borders_2022_ward5,7,0.7997754539942326,0.7997754539942326,0.9285714285714286,0.9809523809523809
dundee_2022_ward7,7,0.7541649934543637,1.0,1.0,0.9428571428571428
south_ayrshire_2022_ward8,7,0.9612613189988235,1.0,1.0,0.9714285714285714
stirling_2017_ward7,7,0.7200122372298876,1.0,0.9285714285714286,0.9428571428571428
dumgal_2022_ward1,7,0.7186048444399897,1.0,0.9047619047619048,0.9238095238095239
aberdeen_2017_ward1,7,0.7948142467219438,0.9014787637688141,0.9047619047619048,0.9238095238095239
perth_kinross_2012_ward11,7,0.631271152974374,0.9200516246052333,0.9047619047619048,0.8761904761904762
sc_borders_2012_ward11,7,0.940785599296567,1.0,1.0,1.0
perth_kinross_2017_ward5,7,0.8512930094484987,0.9624142314822794,0.9285714285714286,0.9333333333333333
edinburgh_2012_ward10,7,0.8059830013223275,0.8059830013223275,0.9047619047619048,0.9714285714285714
sc_borders_2022_ward11,7,0.7082439344499928,0.7082439344499928,0.8571428571428571,0.9523809523809523
dumgal_2017_ward6,7,0.836319188237046,1.0,0.9523809523809523,0.9428571428571428
aberdeenshire_2017_ward13,7,0.8379911011007564,1.0,0.9523809523809523,0.9428571428571428
north_lanarkshire_2017_ward1,7,0.9425913187208129,1.0,0.9285714285714286,0.9809523809523809
dumgal_2022_ward3,7,0.896198139928266,0.9267643734454982,0.8571428571428571,0.9238095238095239
perth_kinross_2022_ward10,7,0.8305085628358775,1.0,0.9523809523809523,0.9142857142857143
dumgal_2012_ward11,7,0.7121417930436956,1.0,1.0,0.9142857142857143
midlothian_2012_ward3,7,0.8326915161052657,1.0,0.9285714285714286,0.9428571428571428
moray_2017_ward5,7,0.7473893005683899,0.756015260450138,0.9523809523809524,0.9714285714285714
highland_2012_ward2,7,0.9462784187129624,1.0,1.0,1.0
highland_2022_dingwall,7,0.9210478156685961,1.0,1.0,0.9809523809523809
north_ayrshire_2022_ardrossan,7,0.7457095622571951,0.7457095622571951,0.9285714285714286,0.9619047619047619
midlothian_2012_ward2,7,0.6558838359588598,0.7568393544269674,0.8571428571428571,0.8952380952380953
south_lanarkshire_2022_ward15,7,0.7631417645953061,1.0,0.9285714285714286,0.9047619047619048
sc_borders_2012_ward3,7,0.8112994737867448,1.0,0.9047619047619048,0.9714285714285714
highland_2017_ward12,7,0.6956193856934391,0.8259044579496934,0.9523809523809524,0.8857142857142857
midlothian_2022_ward3,7,0.7486644711449062,1.0,0.9285714285714286,0.9428571428571428
west_lothian_2012_ward5,7,0.7232843114839204,1.0,1.0,0.9333333333333333
eilean_siar_2012_ward5,7,0.7751361880722724,0.9104461252981466,0.8095238095238095,0.9523809523809523
south_lanarkshire_2017_ward19,7,0.7404446864281493,0.7404446864281493,0.9047619047619048,0.9238095238095239
sc_borders_2017_ward9,7,0.7527404219345498,0.7527404219345498,0.8571428571428571,0.9428571428571428
highland_2012_ward21,7,0.8902655709837283,1.0,1.0,0.9523809523809523
south_lanarkshire_2022_ward5,7,0.8800459952170202,1.0,1.0,0.8952380952380953
shetland_2012_ward7,7,0.9305977509920673,1.0,1.0,1.0
east_dunbartonshire_2012_ward8,7,0.7877868094422708,0.7877868094422708,0.9285714285714286,0.9428571428571428
north_ayrshire_2017_ward5,7,0.880105675985694,1.0,0.9285714285714286,0.9619047619047619
north_lanarkshire_2022_ward20,7,0.7578740411156764,1.0,0.9523809523809523,0.9428571428571428
south_lanarkshire_2017_ward2,7,0.7853889312397294,1.0,1.0,0.9142857142857143
inverclyde_2012_ward5,7,0.7526300908787854,1.0,1.0,0.9809523809523809
angus_2017_ward5,7,0.7274040254119777,0.8493302092199029,1.0,0.9809523809523809
north_lanarkshire_2012_ward5,7,0.7994595742687375,1.0,0.9523809523809523,0.9523809523809523
shetland_2012_ward2,7,1.0,1.0,1.0,1.0
eilean_siar_2012_ward4,7,0.8443750265970775,1.0,1.0,0.9523809523809523
sc_borders_2017_ward5,7,0.7614888237128261,0.7614888237128261,0.8571428571428571,0.9238095238095239
east_lothian_2012_ward4,7,0.9534166352788974,1.0,0.9523809523809524,0.9619047619047619
south_lanarkshire_2017_ward18,7,0.7120919396952761,0.7481184944088177,0.9047619047619048,0.9142857142857143
eilean_siar_2012_ward6,7,0.8593829713584054,0.8593829713584054,0.9523809523809523,0.9619047619047619
north_lanarkshire_2017_ward17,7,0.7216588390409431,0.7216588390409431,0.8571428571428571,0.9238095238095239
falkirk_2022_ward8,7,0.7695503768577525,0.784877617706006,0.9285714285714286,0.9333333333333333
highland_2012_ward5,7,0.8474187588639129,0.8474187588639129,0.8571428571428571,0.9809523809523809
edinburgh_2022_ward9,7,0.701548781713192,0.7545320012684393,0.7857142857142857,0.9523809523809523
aberdeenshire_2017_ward18,7,0.7565599571596489,1.0,1.0,0.9523809523809523
south_lanarkshire_2012_ward12,7,0.7033071507823438,1.0,1.0,0.9714285714285714
west_dunbartonshire_2012_ward2,7,0.8734261288085288,1.0,0.9523809523809523,0.9428571428571428
south_lanarkshire_2022_ward18,7,0.6781182425997955,0.7661498173003544,0.9523809523809523,0.9428571428571428
perth_kinross_2012_ward4,7,0.7573838519886011,1.0,1.0,0.9714285714285714
dundee_2017_ward1,7,0.8909803839455865,1.0,0.9047619047619048,0.9714285714285714
aberdeen_2022_ward5,7,0.8428581390757548,1.0,0.9285714285714286,0.9714285714285714
aberdeen_2017_ward3,7,0.8217812206491425,0.8217812206491425,0.9285714285714286,0.9619047619047619
falkirk_2022_ward4,7,0.8624309867893406,0.8905719255305081,0.9523809523809523,0.9333333333333333
south_lanarkshire_2022_ward12,7,0.6136443833593301,0.9239992903765805,0.7857142857142857,0.8476190476190476
renfrewshire_2012_ward2,7,0.8398568578280169,1.0,0.9285714285714286,0.9523809523809523
east_lothian_2012_ward3,7,1.0,1.0,1.0,0.9809523809523809
edinburgh_2012_ward7,7,0.7381199541277293,1.0,1.0,0.9238095238095239
glasgow_2017_ward15,7,0.6455661713681629,1.0,0.9285714285714286,0.9333333333333333
glasgow_2017_ward12,7,0.7412693543433082,0.7412693543433082,0.9285714285714286,0.9523809523809523
shetland_2012_ward6,7,0.820330899351523,1.0,1.0,0.9523809523809523
inverclyde_2017_ward4,7,0.7599065629706696,0.8674079800519789,0.9523809523809524,0.9142857142857143
highland_2022_aird_and_loch_ness,7,0.8066308757889642,0.8271183609268572,0.9047619047619048,0.9619047619047619
falkirk_2017_ward4,7,0.8077694717607723,0.888651064439575,0.9523809523809523,0.9523809523809523
midlothian_2012_ward5,7,0.730669809540952,0.730669809540952,0.8095238095238095,0.9333333333333333
aberdeen_2022_ward8,7,0.7757287626167053,0.7757287626167053,0.869047619047619,0.9333333333333333
dumgal_2022_ward12,7,0.8147888808520407,0.8147888808520407,0.9285714285714286,0.9714285714285714
west_lothian_2017_ward1,7,1.0,1.0,0.8571428571428571,0.9523809523809523
renfrewshire_2012_ward1,7,0.8839000531009997,1.0,0.9285714285714286,0.9619047619047619
highland_2012_ward16,7,0.7872975371671428,1.0,1.0,0.9619047619047619
fife_2017_ward16,7,1.0,1.0,0.9285714285714286,0.9333333333333333
angus_2012_ward5,7,1.0,1.0,0.9285714285714286,0.9619047619047619
stirling_2017_ward6,7,0.7110157015500889,0.7110157015500889,0.8571428571428571,0.9428571428571428
shetland_2022_ward6,7,0.8924425823041611,1.0,1.0,0.9904761904761905
highland_2012_ward11,7,0.8312325351274639,1.0,1.0,0.9809523809523809
glasgow_2017_ward2,7,0.7473633332870366,0.7473633332870366,0.8571428571428571,0.9142857142857143
clackmannanshire_2022_ward5,7,0.8766003582674942,1.0,0.9285714285714286,0.9523809523809523
north_ayrshire_2022_irvine_east,7,0.7248930609824115,0.7248930609824115,0.9285714285714286,0.9619047619047619
clackmannanshire_2017_ward4,7,0.727152394614283,0.727152394614283,0.8571428571428571,0.9333333333333333
angus_2017_ward8,7,0.9418512002479291,1.0,0.9523809523809523,0.9619047619047619
highland_2017_ward21,7,0.777506996734169,0.7901716153352181,0.9047619047619048,0.9333333333333333
edinburgh_2017_ward2,7,0.8056681260373527,1.0,0.9523809523809523,0.8857142857142857
highland_2022_northwest_and_central_sutherland,7,1.0,1.0,1.0,1.0
aberdeen_2012_ward7,7,0.8003820299987735,0.8003820299987735,0.8571428571428571,0.9428571428571428
east_dunbartonshire_2017_ward4,7,0.8305274079765188,1.0,0.8095238095238094,0.9238095238095239
stirling_2022_ward4,7,0.7106940195963738,0.7538877021208948,0.9047619047619048,0.9809523809523809
clackmannanshire_2022_ward4,7,0.8222021781032824,1.0,0.9523809523809523,0.9238095238095239
west_lothian_2017_ward6,7,0.7284693693503179,1.0,0.9285714285714286,0.9238095238095239
west_dunbartonshire_2012_ward1,7,0.8412646692723522,1.0,0.9285714285714286,0.9809523809523809
midlothian_2022_ward1,7,0.8152531282697538,1.0,0.9285714285714286,0.9714285714285714
edinburgh_2012_ward2,7,0.8757272770682613,1.0,1.0,0.9142857142857143
argyll_bute_2022_ward7,7,0.8236067879575003,0.8236067879575003,0.9285714285714286,0.9714285714285714
east_ayrshire_2017_ward7,7,0.7362126439343673,0.7547465162191777,0.9047619047619048,0.9142857142857143
argyll_bute_2012_ward2,7,1.0,1.0,1.0,0.9714285714285714
falkirk_2012_ward7,7,0.7365461997203856,0.7365461997203856,0.9523809523809523,0.9523809523809523
north_lanarkshire_2022_ward13,7,0.7177397955891891,0.941797411930963,0.9523809523809523,0.9047619047619048
aberdeenshire_2022_ward3,7,0.7752930800185938,1.0,1.0,0.9619047619047619
south_lanarkshire_2017_ward12,7,0.6829651315226236,0.6829651315226236,0.8095238095238094,0.8952380952380953
angus_2012_ward3,7,0.7447439709993796,1.0,1.0,0.8952380952380953
edinburgh_2017_ward17,7,0.7076035202104956,0.7295469250318812,0.9523809523809523,0.8666666666666667
south_ayrshire_2017_ward5,7,0.6315256346094666,1.0,0.9523809523809523,0.8952380952380953
sc_borders_2022_ward2,7,0.7836301143756481,0.7836301143756481,0.9285714285714286,0.9523809523809523
sc_borders_2012_ward10,7,0.8470887528007834,0.8470887528007834,0.8571428571428571,0.9619047619047619
edinburgh_2012_ward1,7,0.9605926332598623,1.0,1.0,1.0
aberdeen_2022_ward10,7,0.7837258519001106,0.8085193694277072,0.9523809523809523,0.9428571428571428
sc_borders_2012_ward9,7,0.7722597418159223,0.8904151896889713,0.9285714285714286,0.9523809523809523
west_dunbartonshire_2022_ward6,7,0.8673332620624534,0.9101120356853142,0.9523809523809524,0.9523809523809523
north_ayrshire_2017_ward1,7,0.7721181334225234,0.8578177598509814,0.9523809523809524,0.9142857142857143
east_dunbartonshire_2017_ward7,7,0.8805383248901485,0.9611018713070822,0.9285714285714286,0.9047619047619048
south_lanarkshire_2012_ward18,7,0.9178633793079986,1.0,1.0,0.9523809523809523
stirling_2017_ward3,7,0.9488176790507383,1.0,0.8571428571428571,0.8952380952380953
aberdeenshire_2017_ward17,7,0.8201098233563149,1.0,0.9523809523809523,0.9714285714285714
west_dunbartonshire_2017_ward5,7,0.6597659936287229,1.0,0.9523809523809524,0.9333333333333333
falkirk_2017_ward9,7,0.868424955290673,1.0,0.9285714285714286,0.9333333333333333
dumgal_2012_ward12,7,0.8073869694155258,0.8073869694155258,0.8571428571428571,0.8571428571428572
north_ayrshire_2017_ward3,7,0.7193015101899352,0.8479594249885345,0.9523809523809523,0.9619047619047619
north_lanarkshire_2012_ward7,7,0.6821181146193402,0.9432706400370204,0.9523809523809523,0.9047619047619048
west_lothian_2022_ward7,7,0.8592684721293722,1.0,0.9047619047619049,0.9142857142857143
north_lanarkshire_2017_ward15,7,0.7469435970193401,0.7469435970193401,0.9523809523809524,0.9523809523809523
argyll_bute_2022_ward10,7,0.7039063451344486,0.794549747247156,0.9523809523809524,0.9047619047619048
fife_2012_ward4,7,0.8188077436824994,1.0,0.9523809523809523,0.9238095238095237
highland_2017_ward4,7,0.9893312272473161,1.0,1.0,1.0
south_lanarkshire_2022_ward10,7,0.6902337189822394,0.7949732621391443,0.9285714285714286,0.9523809523809523
highland_2022_inverness_south,7,0.8645947183018826,0.8645947183018826,0.9523809523809523,0.9714285714285714
dumgal_2017_ward5,7,0.9428139055868207,1.0,1.0,0.9619047619047619
midlothian_2022_ward4,7,0.7361821034824924,0.7361821034824924,0.8809523809523808,0.9428571428571428
angus_2022_ward5,7,0.8457297975243143,1.0,1.0,0.9714285714285714
fife_2017_ward6,7,1.0,1.0,0.9047619047619048,0.9238095238095239
shetland_2012_ward3,7,0.848283135219045,1.0,1.0,0.9714285714285714
fife_2012_ward17,7,0.7327288725673915,0.7620365107440709,0.8571428571428571,0.8761904761904762
edinburgh_2017_ward6,7,0.7603100842228474,0.9185637904164391,1.0,0.9809523809523809
aberdeenshire_2012_ward19,7,0.8266277131246801,0.8266277131246801,0.9047619047619048,0.819047619047619
edinburgh_2022_ward10,7,0.821270847416378,0.821270847416378,0.9523809523809523,0.9428571428571428
argyll_bute_2012_ward9,7,0.7340035381170551,0.8346841483977661,0.9285714285714286,0.9142857142857143
east_lothian_2022_ward6,7,0.7729402419900805,0.7729402419900805,0.9285714285714286,0.9523809523809523
north_lanarkshire_2022_ward5,7,0.6621362092721325,0.7650261908696538,0.8095238095238094,0.8571428571428572
aberdeen_2012_ward13,7,0.7703901879389125,0.7703901879389125,0.9285714285714286,0.9619047619047619
renfrewshire_2017_ward7,7,0.7439866455328072,1.0,1.0,0.9142857142857143
glasgow_2017_ward22,7,0.5944552373156731,0.818512161684494,0.8571428571428571,0.8857142857142857
north_lanarkshire_2022_ward1,7,0.735720516539932,1.0,0.9285714285714286,0.9047619047619048
south_ayrshire_2012_ward5,7,0.8260166591101864,0.8260166591101864,0.9523809523809523,0.9428571428571428
renfrewshire_2017_ward5,7,0.6690914046249273,1.0,0.9285714285714286,0.9238095238095239
west_lothian_2017_ward7,7,0.7345904893886266,0.8174668079007412,0.9523809523809523,0.9428571428571428
stirling_2017_ward1,7,0.8096692335354622,1.0,0.9285714285714286,0.9428571428571428
aberdeenshire_2017_ward8,7,0.8467766710911784,0.8953649206095956,0.9523809523809523,0.9523809523809523
highland_2012_ward6,7,0.7304250778607108,1.0,0.9523809523809523,0.8952380952380953
east_dunbartonshire_2022_ward3,7,0.7025900148943938,0.8029571920039685,0.9285714285714286,0.9238095238095239
sc_borders_2022_ward9,7,0.736074813849341,0.7962892990815366,0.9285714285714286,0.9714285714285714
west_dunbartonshire_2017_ward1,7,0.7217686138077645,0.7217686138077645,0.8571428571428571,0.9142857142857143
west_dunbartonshire_2012_ward5,7,0.7861601879093739,0.8711855115068151,0.9523809523809523,0.9619047619047619
north_ayrshire_2022_irvine_south,7,0.7006326889314879,0.7006326889314879,0.8571428571428571,0.9428571428571428
aberdeen_2012_ward9,7,0.7837214016840738,0.8495558371615338,0.9285714285714286,0.9523809523809523
west_lothian_2022_ward9,7,0.8608886283509043,1.0,1.0,0.9904761904761905
east_lothian_2012_ward1,7,1.0,1.0,0.9285714285714286,1.0
glasgow_2017_ward23,7,0.6913608912085054,0.7518919268135061,0.9523809523809523,0.9142857142857143
dundee_2022_ward6,7,0.6830692279088746,1.0,1.0,0.9238095238095239
south_lanarkshire_2022_ward11,7,0.7885720007189224,1.0,1.0,0.9238095238095239
north_ayrshire_2017_ward7,7,0.7454915429627856,0.8891713710043249,0.9285714285714286,0.8952380952380953
renfrewshire_2017_ward8,7,0.7149562677517897,0.7149562677517897,0.9047619047619048,0.9428571428571428
north_lanarkshire_2012_ward17,7,0.873759260404427,1.0,0.9523809523809523,0.9619047619047619
highland_2022_inverness_ness_side,7,0.791677059914284,1.0,0.9285714285714286,0.9619047619047619
fife_2012_ward16,7,0.8748398010302265,1.0,0.9285714285714286,0.9619047619047619
renfrewshire_2022_ward5,7,0.5919706205402602,1.0,0.9285714285714286,0.9142857142857143
eilean_siar_2022_ward10,7,1.0,1.0,1.0,0.9809523809523809
highland_2022_culloden,7,0.8501494027544999,1.0,1.0,0.9809523809523809
stirling_2022_ward5,7,0.9216321529866567,1.0,0.8571428571428571,0.9142857142857143
east_lothian_2017_ward5,7,0.782816556651354,0.9259224635162708,0.9523809523809524,0.9142857142857143
fife_2012_ward6,7,0.703711561379424,0.7463288862103339,0.9523809523809523,0.8380952380952381
argyll_bute_2017_ward8,7,0.7391859791561592,0.8712095840933538,0.8571428571428571,0.9142857142857143
sc_borders_2017_ward7,7,0.883561822069343,0.883561822069343,1.0,0.9619047619047619
argyll_bute_2017_ward9,7,0.7556129679899067,0.7556129679899067,0.8571428571428571,0.9809523809523809
stirling_2017_ward2,7,0.856822065881722,1.0,0.9285714285714286,0.9428571428571428
south_lanarkshire_2022_ward1,7,0.7483819751988207,0.8799020776173182,0.9523809523809524,0.9047619047619048
inverclyde_2022_ward5,7,0.7502143288447555,1.0,1.0,0.9142857142857143
north_lanarkshire_2017_ward13,7,0.6975724115127127,0.8544624648284715,0.9047619047619048,0.8952380952380953
south_lanarkshire_2012_ward17,7,0.8903563499094375,1.0,0.9285714285714286,0.9333333333333333
renfrewshire_2012_ward3,7,0.8146175985226319,1.0,0.9047619047619049,0.9333333333333333
west_dunbartonshire_2012_ward4,7,0.8056661225938968,1.0,1.0,0.9809523809523809
highland_2017_ward9,7,0.8617920249415565,1.0,1.0,0.9809523809523809
moray_2017_ward8,7,0.7655638956508434,1.0,0.9523809523809524,0.9714285714285714
edinburgh_2017_ward16,7,0.7470941732515816,0.7470941732515816,0.9047619047619048,0.9142857142857143
inverclyde_2012_ward3,7,0.7844567058333262,0.8627279672540534,0.9523809523809523,0.9619047619047619
south_lanarkshire_2022_ward8,7,0.6164581656944326,1.0,0.9285714285714286,0.9142857142857143
midlothian_2017_ward6,7,0.6862240325842617,0.6862240325842617,0.8571428571428571,0.8857142857142857
dundee_2017_ward5,7,0.8786485209886163,1.0,1.0,0.9904761904761905
midlothian_2017_ward2,7,0.7488568543926403,0.7488568543926403,0.8571428571428571,0.8952380952380953
dumgal_2012_ward5,7,0.8102045365926702,1.0,1.0,0.9523809523809523
argyll_bute_2022_ward6,7,0.8266612888915303,0.8439446324770118,0.9285714285714286,0.9809523809523809
perth_kinross_2017_ward2,7,0.9207579716346296,1.0,0.9523809523809523,0.8857142857142857
fife_2017_ward17,7,0.7169349293431052,1.0,0.9285714285714286,0.9428571428571428
aberdeenshire_2022_ward14,7,0.9083434363306291,1.0,0.9047619047619048,0.9809523809523809
clackmannanshire_2022_ward3,7,0.7106373419537719,1.0,0.9285714285714286,0.9333333333333333
west_lothian_2017_ward5,8,0.7609870659632219,0.7827072047707468,0.9583333333333334,0.9345238095238095
highland_2012_ward13,8,0.7595462593975281,1.0,0.9583333333333333,0.9821428571428571
north_lanarkshire_2012_ward2,8,0.8231121278609937,0.8991353846985373,0.9583333333333333,0.9523809523809523
perth_kinross_2012_ward12,8,0.7457354608795238,0.7457354608795238,0.9583333333333333,0.9583333333333334
glasgow_2012_ward15,8,0.8761971863323557,1.0,0.9166666666666667,0.9702380952380952
glasgow_2017_ward6,8,0.7187244604441955,0.7187244604441955,0.9166666666666666,0.9464285714285714
fife_2012_ward1,8,0.8134944296905116,0.9111701771109308,0.9583333333333334,0.9642857142857143
dumgal_2012_ward4,8,0.9574429090123346,1.0,1.0,0.9880952380952381
aberdeenshire_2012_ward11,8,0.8401049965483971,0.9450384954127389,1.0,0.9702380952380952
east_ayrshire_2012_ward8,8,0.6675284385582445,1.0,0.9583333333333334,0.9523809523809523
angus_2022_ward3,8,0.7374377278704438,0.7880504122270072,0.9166666666666666,0.9583333333333334
fife_2017_ward13,8,0.8370159031472777,1.0,0.9375,0.9702380952380952
eilean_siar_2017_ward2,8,0.8007353788875855,1.0,1.0,0.9880952380952381
perth_kinross_2022_ward1,8,0.9491045016658748,1.0,1.0,0.9523809523809523
glasgow_2012_ward6,8,0.7096616009919023,0.7096616009919023,0.9375,0.9702380952380952
north_ayrshire_2017_ward4,8,0.7373539082523941,1.0,0.9375,0.9642857142857143
glasgow_2022_ward15,8,0.817868208035145,1.0,0.9375,0.9702380952380952
orkney_2017_ward1,8,0.9177611954938739,1.0,1.0,1.0
aberdeenshire_2022_ward1,8,0.8645235453647652,1.0,1.0,0.9702380952380952
perth_kinross_2017_ward10,8,0.9050396438285991,1.0,0.9166666666666666,0.9821428571428571
renfrewshire_2022_ward9,8,0.7935504400788826,1.0,0.9583333333333334,0.9464285714285714
west_dunbartonshire_2012_ward6,8,0.843210123692656,0.843210123692656,0.9583333333333333,0.9821428571428571
highland_2022_badenoch,8,0.7961094217246204,0.7961094217246204,0.9583333333333333,0.9583333333333334
eilean_siar_2022_ward2,8,0.9339684423693125,0.9533505766022716,0.9375,0.9880952380952381
clackmannanshire_2017_ward2,8,0.7910448934699467,0.8481776869784627,0.9583333333333333,0.9226190476190477
stirling_2017_ward4,8,0.7539505963688242,0.8531724656908589,1.0,0.9523809523809523
midlothian_2022_ward6,8,0.7572613559762262,0.9378930553484746,0.9375,0.9523809523809523
north_lanarkshire_2017_ward4,8,0.6660163496573234,1.0,0.9583333333333333,0.9642857142857143
east_lothian_2022_ward2,8,0.6665808099500977,0.8121552840528317,0.9583333333333333,0.9523809523809523
edinburgh_2012_ward15,8,0.7981330138077005,0.7981330138077005,0.9166666666666666,0.9702380952380952
east_renfrewshire_2012_ward2,8,0.86574795591253,1.0,0.9166666666666666,0.9583333333333334
highland_2017_ward14,8,0.7120637047360182,1.0,1.0,0.9702380952380952
angus_2017_ward3,8,0.7329761207343425,0.8543716240593033,0.9583333333333333,0.9404761904761905
fife_2022_ward22,8,0.8067795859631552,1.0,1.0,0.9583333333333334
west_lothian_2012_ward3,8,0.7825358231036118,0.8867447578979288,0.9166666666666666,0.9404761904761905
glasgow_2017_ward21,8,0.6509968671655643,1.0,0.9375,0.9345238095238095
north_lanarkshire_2012_ward11,8,0.8046299640115047,1.0,1.0,0.9166666666666666
highland_2022_black_isle,8,0.7600283150324212,1.0,0.9375,0.9702380952380952
argyll_bute_2017_ward11,8,0.7232690784668211,0.7232690784668211,0.875,0.9702380952380952
east_dunbartonshire_2022_ward4,8,0.7543934046838268,0.7543934046838268,0.8333333333333334,0.9642857142857143
aberdeen_2017_ward9,8,0.7765787264024812,1.0,1.0,0.9821428571428571
highland_2017_ward20,8,0.730191051292668,0.8240011997064001,0.9583333333333333,0.9583333333333334
west_lothian_2017_ward4,8,0.7670329513975996,0.7670329513975996,0.9583333333333333,0.9345238095238095
perth_kinross_2017_ward8,8,0.6657103264443892,0.7135758925237538,0.9166666666666666,0.9464285714285714
orkney_2012_ward1,8,0.8313366021349262,1.0,1.0,0.9940476190476191
clackmannanshire_2017_ward1,8,0.7206970217156191,0.7542484427189559,0.9583333333333333,0.9464285714285714
edinburgh_2022_ward4,8,0.7299538997817278,0.874328052307004,0.9583333333333334,0.8928571428571429
edinburgh_2012_ward16,8,0.7006062767347353,0.7006062767347353,0.8958333333333333,0.9345238095238095
perth_kinross_2022_ward4,8,0.8077686527698723,0.8950418580842785,0.8958333333333334,0.9464285714285714
west_lothian_2012_ward7,8,0.8507266374804743,1.0,0.9166666666666667,0.9702380952380952
fife_2022_ward21,8,0.7551959937376136,1.0,0.9583333333333333,0.9523809523809523
north_lanarkshire_2017_ward9,8,0.717632633598214,0.717632633598214,0.9583333333333333,0.9464285714285714
aberdeenshire_2022_ward10,8,0.9179453758491509,1.0,1.0,0.9880952380952381
fife_2022_ward8,8,0.7919078824885862,1.0,1.0,0.9464285714285714
north_lanarkshire_2017_ward7,8,0.8306629107795978,1.0,0.9166666666666667,0.9702380952380952
orkney_2022_ward2,8,0.741345138573496,0.741345138573496,0.9166666666666666,0.9464285714285714
highland_2012_ward20,8,0.8770604691397308,1.0,0.9166666666666667,0.9523809523809523
north_lanarkshire_2017_ward8,8,0.771796087801939,0.771796087801939,0.9166666666666666,0.9226190476190477
south_lanarkshire_2017_ward15,8,0.904403784927806,1.0,0.9375,0.9642857142857143
east_renfrewshire_2017_ward1,8,0.7316561610037007,0.7316561610037007,0.9583333333333333,0.9404761904761905
east_renfrewshire_2022_ward1,8,0.7582683939025695,1.0,1.0,0.9702380952380952
fife_2022_ward19,8,0.6723231865238259,1.0,1.0,0.9761904761904762
aberdeen_2022_ward1,8,0.7622826073689333,1.0,0.9583333333333334,0.9523809523809523
glasgow_2022_ward13,8,0.6694209609146563,1.0,0.9166666666666666,0.9166666666666666
edinburgh_2017_ward4,8,0.8331621107643997,0.943740967094932,0.8854166666666666,0.9345238095238095
stirling_2022_ward6,8,0.7613534510803464,0.7613534510803464,0.9375,0.9702380952380952
south_lanarkshire_2022_ward9,8,0.8228899448103787,0.9252789882159352,0.8333333333333333,0.9345238095238095
perth_kinross_2022_ward8,8,0.7322795271987701,0.947285530126722,0.875,0.9226190476190477
south_lanarkshire_2017_ward17,8,0.7797125834671639,0.8322385645340786,0.9375,0.9345238095238095
moray_2017_ward4,8,0.8509759094892428,1.0,0.9375,0.9702380952380952
fife_2022_ward14,8,0.730984662185565,0.7546433549141286,0.9583333333333334,0.9642857142857143
stirling_2012_ward2,8,0.8164788709573702,1.0,0.9375,0.9464285714285714
south_lanarkshire_2017_ward10,8,0.7936645718589393,1.0,0.9375,0.9761904761904762
perth_kinross_2012_ward10,8,0.749612863898372,0.749612863898372,0.875,0.9464285714285714
south_lanarkshire_2017_ward5,8,0.9590858993043242,1.0,0.9375,0.9583333333333334
south_ayrshire_2022_ward3,8,0.8579398617802176,1.0,1.0,0.9702380952380952
fife_2012_ward22,8,0.646592209384664,1.0,1.0,0.9285714285714286
edinburgh_2012_ward14,8,0.7726917277516658,1.0,0.9375,0.9285714285714286
east_lothian_2017_ward2,8,0.7109447012288617,0.7726432001968696,0.9583333333333333,0.9107142857142857
dumgal_2012_ward10,8,1.0,1.0,1.0,0.9702380952380952
fife_2022_ward12,8,0.7806006277231516,1.0,0.9375,0.9702380952380952
angus_2012_ward6,8,0.7885277410832028,1.0,1.0,0.9583333333333334
west_lothian_2022_ward8,8,0.8597498069218821,1.0,1.0,0.9880952380952381
north_lanarkshire_2022_ward19,8,0.700731189068589,0.700731189068589,0.9583333333333333,0.9523809523809523
sc_borders_2017_ward3,8,0.8827624913073103,0.8827624913073103,0.9583333333333333,0.9761904761904762
south_lanarkshire_2022_ward4,8,0.7597901211698626,0.8279305841179192,0.9375,0.9583333333333334
east_ayrshire_2017_ward1,8,0.8453967934462872,0.8453967934462872,0.9583333333333333,0.9583333333333334
east_ayrshire_2017_ward8,8,0.7815681319207468,0.7815681319207468,0.8854166666666666,0.9523809523809523
highland_2012_ward8,8,0.7606234227923335,1.0,1.0,0.9821428571428571
angus_2022_ward4,8,0.8093697770163767,0.9408143332438622,0.9166666666666666,0.9523809523809523
east_lothian_2022_ward4,8,0.7916149850251798,0.7916149850251798,0.9375,0.9583333333333334
fife_2017_ward21,8,0.7572527688901919,0.787122193719865,0.9166666666666666,0.9464285714285714
edinburgh_2012_ward17,8,0.7988791984011197,1.0,0.9375,0.9821428571428571
fife_2022_ward2,8,0.7462707270838658,0.7462707270838658,0.9375,0.9583333333333334
inverclyde_2017_ward7,8,0.797058226087151,0.8594887403047624,0.9375,0.9583333333333334
falkirk_2022_ward2,8,0.797556703838901,0.797556703838901,0.9375,0.9702380952380952
stirling_2012_ward4,8,0.6737409925452386,1.0,0.9375,0.9404761904761905
north_lanarkshire_2022_ward8,8,0.6855264162726359,0.9581624913030892,0.9583333333333333,0.9523809523809523
aberdeenshire_2012_ward2,8,0.7807392620196821,0.7807392620196821,0.9375,0.9523809523809523
north_ayrshire_2017_ward6,8,0.7935777603667198,0.9046777308220404,1.0,0.9642857142857143
highland_2022_nairn,8,0.7209178558986814,0.8060352610226965,0.9583333333333334,0.9821428571428571
south_ayrshire_2022_ward2,8,0.7042819980813976,0.8217944263631737,0.9166666666666666,0.9285714285714286
south_lanarkshire_2017_ward8,8,0.6889237728933174,1.0,0.9375,0.9583333333333334
aberdeenshire_2022_ward18,8,0.9359959183644285,0.9359959183644285,0.8854166666666666,0.9285714285714286
falkirk_2012_ward2,8,0.8092564656273254,0.9571660111137105,0.9166666666666666,0.9583333333333334
perth_kinross_2017_ward12,8,1.0,1.0,0.9166666666666666,0.9583333333333334
glasgow_2007_maryhill,8,0.8000504752538986,1.0,1.0,0.9702380952380952
stirling_2022_ward2,8,0.7661173788576973,0.8596561593084863,0.875,0.9583333333333334
glasgow_2022_ward19,8,0.7541141714056079,0.7541141714056079,0.9583333333333333,0.9642857142857143
aberdeen_2017_ward5,8,0.7233846352981119,0.7233846352981119,0.875,0.9404761904761905
aberdeen_2022_ward2,8,0.8004267035302866,1.0,0.9583333333333333,0.9523809523809523
angus_2017_ward7,8,0.7630590140470304,0.8816979363255556,0.9375,0.9523809523809523
sc_borders_2012_ward8,8,0.8676635665426065,1.0,1.0,0.9761904761904762
falkirk_2017_ward8,8,1.0,1.0,1.0,0.9880952380952381
highland_2017_ward5,8,0.7477698107287363,0.7821157800530255,0.9583333333333333,0.9226190476190477
west_dunbartonshire_2022_ward2,8,0.750559077071211,0.8723371147816505,0.9583333333333333,0.9404761904761905
dumgal_2022_ward4,8,0.8381835440117732,1.0,0.9375,0.9285714285714286
perth_kinross_2017_ward6,8,0.7315271339644596,0.7315271339644596,0.9375,0.9761904761904762
eilean_siar_2017_ward6,8,0.8495829627373428,1.0,1.0,1.0
south_lanarkshire_2017_ward6,8,0.8213338895277884,1.0,1.0,0.9821428571428571
highland_2012_ward12,8,0.8962682329777337,1.0,1.0,0.9880952380952381
dundee_2017_ward6,8,0.7417074308455992,1.0,1.0,0.9702380952380952
south_lanarkshire_2017_ward3,8,0.8186324316683193,1.0,0.9375,0.9702380952380952
falkirk_2012_ward3,8,0.90008294175637,0.90008294175637,0.9583333333333333,0.9761904761904762
sc_borders_2017_ward8,8,0.798029551245532,1.0,1.0,0.9523809523809523
east_dunbartonshire_2017_ward6,8,0.8247098050375884,1.0,0.8958333333333333,0.9404761904761905
renfrewshire_2012_ward8,8,1.0,1.0,0.9375,0.9880952380952381
renfrewshire_2012_ward7,8,0.865023578607356,1.0,0.9583333333333333,0.9761904761904762
south_lanarkshire_2017_ward1,8,0.7789587324827729,1.0,0.9583333333333334,0.9583333333333334
edinburgh_2022_ward13,8,0.6894028096872841,1.0,1.0,0.9583333333333334
dundee_2012_ward6,8,0.7164731650380075,1.0,0.9375,0.9761904761904762
shetland_2022_ward3,8,0.786639868584168,1.0,1.0,0.9880952380952381
south_lanarkshire_2012_ward8,8,0.8286756038982709,1.0,1.0,0.9761904761904762
aberdeen_2012_ward10,8,0.8893403364468078,0.8893403364468078,0.9583333333333333,0.9761904761904762
glasgow_2022_ward21,8,0.7866206454466794,1.0,0.9375,0.9642857142857143
eilean_siar_2017_ward1,8,0.7896464091014979,0.8735560809415525,1.0,0.9642857142857143
fife_2022_ward10,8,0.6460262843092026,0.6460262843092026,0.8333333333333334,0.9523809523809523
north_lanarkshire_2012_ward3,8,0.8583271276906534,0.8937486481535643,0.875,0.9523809523809523
north_ayrshire_2022_saltcoats_and_stevenston,8,0.8037372872715699,0.8037372872715699,0.96875,0.9285714285714286
renfrewshire_2017_ward1,8,0.725026419935855,0.725026419935855,0.9166666666666666,0.9166666666666667
fife_2022_ward17,8,0.6960523709282687,1.0,1.0,0.9761904761904762
highland_2017_ward1,8,0.866298541927677,0.866298541927677,0.9375,0.9880952380952381
edinburgh_2017_ward14,8,0.7274641683314508,0.7655219959900178,0.9166666666666666,0.9345238095238095
aberdeen_2017_ward7,8,0.8217845199128182,1.0,0.9375,0.9404761904761905
aberdeen_2017_ward13,8,0.767170975761901,0.8413116546258037,0.9583333333333334,0.9464285714285714
north_ayrshire_2012_ward4,8,0.8330405611655397,0.8330405611655397,0.9583333333333333,0.9821428571428571
highland_2012_ward4,8,0.8037176068830394,0.9331601795877803,1.0,0.9642857142857143
south_lanarkshire_2022_ward14,8,0.7623179520412853,1.0,0.9375,0.9583333333333334
orkney_2017_ward6,8,0.7936912814190266,1.0,1.0,0.9761904761904762
south_ayrshire_2022_ward1,8,0.9271461398405342,0.9271461398405342,0.9583333333333334,0.9464285714285714
south_lanarkshire_2012_ward6,8,0.8719497502251223,1.0,0.9375,0.9880952380952381
glasgow_2012_ward7,8,0.780378371034484,0.780378371034484,0.9375,0.9880952380952381
dundee_2022_ward5,8,0.7197581430344447,1.0,1.0,0.9464285714285714
aberdeenshire_2017_ward19,8,0.867487080267963,1.0,0.9583333333333334,0.9345238095238095
east_ayrshire_2017_ward6,8,0.7894105089972526,0.8446621532358247,0.9375,0.9583333333333334
west_lothian_2017_ward3,8,0.7676513624958691,0.7864441186665803,0.9166666666666666,0.9285714285714286
highland_2012_ward19,8,0.80002631598204,1.0,0.9583333333333333,0.9464285714285714
clackmannanshire_2012_ward2,8,0.7183629783283741,0.7183629783283741,0.875,0.875
sc_borders_2017_ward1,8,0.7737830991214016,0.8012286835959959,0.9375,0.9523809523809523
sc_borders_2022_ward7,8,0.7983937234601869,0.7983937234601869,0.875,0.9642857142857143
stirling_2022_ward1,8,0.8082072182770028,0.929830477358678,0.9375,0.9642857142857143
highland_2017_ward19,8,0.7992714862964205,0.8522537795504479,0.9583333333333334,0.9583333333333334
fife_2012_ward15,8,0.7714156619034593,1.0,1.0,0.9404761904761905
highland_2012_ward22,8,0.8640247971596415,0.8845181112030851,0.8854166666666666,0.9047619047619048
south_lanarkshire_2017_ward14,8,0.7058758141640582,1.0,0.9375,0.9464285714285714
south_lanarkshire_2022_ward3,8,0.8226398768960466,0.8226398768960466,0.875,0.9642857142857143
perth_kinross_2017_ward11,8,0.7362440211838227,0.8990152534933464,0.9375,0.9523809523809523
highland_2012_ward14,8,0.7802609777981095,1.0,1.0,0.9702380952380952
highland_2017_ward17,8,0.8281365251296773,1.0,0.9375,0.9285714285714286
fife_2022_ward6,8,0.8906600941961416,1.0,0.9583333333333334,0.9523809523809523
north_lanarkshire_2017_ward11,8,0.6458092344072486,0.7240117644423463,0.8645833333333333,0.8869047619047619
glasgow_2017_ward11,8,0.6816795815888052,0.7854556300369447,0.9375,0.9702380952380952
aberdeenshire_2022_ward5,8,0.7921546751816739,0.9645634487097199,0.9583333333333334,0.9523809523809523
highland_2012_ward7,8,0.9090249147155333,0.9488024437082146,0.9270833333333334,0.9761904761904762
north_lanarkshire_2017_ward12,8,0.7791565645428878,0.7859859766841905,0.875,0.9226190476190477
clackmannanshire_2022_ward2,8,0.7379081680698493,0.8674926439522531,1.0,0.9583333333333334
perth_kinross_2017_ward7,8,0.8349388852982518,0.8349388852982518,0.9375,0.9761904761904762
edinburgh_2022_ward3,8,0.6975026491356876,1.0,1.0,0.9821428571428571
aberdeenshire_2012_ward4,8,0.7880435462587072,1.0,1.0,0.9523809523809523
aberdeen_2022_ward13,8,0.6802074322066369,0.9229085493250818,1.0,0.9702380952380952
north_lanarkshire_2022_ward4,8,0.6813851235975691,1.0,0.9583333333333334,0.9107142857142857
glasgow_2022_ward17,8,0.7503147330482332,1.0,1.0,0.9583333333333334
east_dunbartonshire_2012_ward2,8,0.9028760934557503,0.9028760934557503,0.9375,0.9583333333333334
dumgal_2017_ward1,8,0.8414938169705314,1.0,1.0,1.0
east_renfrewshire_2017_ward5,8,0.9521969384805147,1.0,0.9583333333333333,0.9642857142857143
midlothian_2017_ward4,8,0.8273523446095548,0.9384923021955387,0.9375,0.9404761904761905
glasgow_2007_langside,8,0.7084116085108042,1.0,0.9375,0.9702380952380952
aberdeen_2017_ward4,8,0.7335161368662362,0.7718750621527172,0.9375,0.9642857142857143
argyll_bute_2017_ward4,8,0.7865826148044016,0.7865826148044016,0.9583333333333333,0.9226190476190477
east_renfrewshire_2022_ward2,8,0.7715863096943026,1.0,1.0,0.9523809523809523
west_lothian_2022_ward3,8,0.7563738686845979,0.7563738686845979,0.9583333333333334,0.9702380952380952
edinburgh_2022_ward7,8,0.7842046354389386,1.0,1.0,0.9702380952380952
edinburgh_2012_ward3,8,0.8391277765031564,1.0,1.0,0.9583333333333334
stirling_2022_ward7,8,0.7765319055922855,1.0,1.0,0.9583333333333334
fife_2017_ward1,8,0.7152376491670189,0.7152376491670189,0.875,0.9404761904761905
renfrewshire_2012_ward5,8,0.764044875536512,0.8795795521365416,0.9583333333333334,0.9761904761904762
west_dunbartonshire_2017_ward2,8,0.8233930364365026,1.0,0.9166666666666666,0.9404761904761905
east_lothian_2017_ward3,8,0.6098957273377984,0.6098957273377984,0.875,0.9404761904761905
west_lothian_2022_ward6,8,0.8438692416633776,1.0,0.9375,0.9702380952380952
edinburgh_2017_ward5,8,0.7739389573054504,0.8292324450522517,0.9166666666666666,0.9107142857142857
south_lanarkshire_2017_ward13,8,0.7928563701547644,0.7928563701547644,0.9375,0.9583333333333334
argyll_bute_2022_ward5,8,0.7303736142090206,0.790473900675207,0.9166666666666667,0.9761904761904762
fife_2022_ward15,8,0.8393508862311084,1.0,1.0,0.9761904761904762
north_lanarkshire_2022_ward2,8,0.681816375057589,0.681816375057589,0.875,0.9523809523809523
fife_2012_ward5,8,0.783245779988861,1.0,0.9375,0.9702380952380952
north_ayrshire_2012_ward7,8,0.7558912544729476,0.7558912544729476,0.875,0.9464285714285714
renfrewshire_2012_ward4,8,0.8311094649237993,1.0,1.0,0.9761904761904762
south_lanarkshire_2017_ward4,9,0.7826847567801188,0.7826847567801188,0.8888888888888888,0.9523809523809524
east_lothian_2022_ward5,9,0.6964786073797435,0.8847097511816975,0.9629629629629629,0.9484126984126984
glasgow_2007_greater_pollok,9,0.8078765885730791,1.0,1.0,0.996031746031746
argyll_bute_2012_ward4,9,0.7523613323325313,1.0,0.925925925925926,0.9603174603174603
highland_2017_ward3,9,0.7421600943875089,0.7421600943875089,0.8888888888888888,0.9603174603174603
perth_kinross_2022_ward3,9,0.8533627845815206,1.0,0.9444444444444444,0.9563492063492064
fife_2017_ward12,9,0.7146330681106837,0.7146330681106837,0.8518518518518517,0.9404761904761905
east_lothian_2017_ward1,9,0.7449706052924032,0.8064246436754839,0.9259259259259258,0.9444444444444444
dundee_2022_ward3,9,0.9353005029455019,1.0,0.8888888888888888,0.9682539682539683
west_dunbartonshire_2022_ward3,9,0.8140417768819355,1.0,1.0,0.9642857142857143
dundee_2012_ward2,9,0.8927299100593367,1.0,1.0,0.9841269841269842
glasgow_2007_partick,9,0.873706143395253,1.0,0.9629629629629629,0.9484126984126984
highland_2012_ward18,9,0.8238286124400666,0.8238286124400666,0.9629629629629631,0.9801587301587301
dundee_2022_ward8,9,0.8649577926573173,0.8649577926573173,0.9259259259259258,0.9642857142857143
fife_2012_ward10,9,0.7892470159429421,0.7892470159429421,0.8888888888888888,0.9761904761904762
north_lanarkshire_2017_ward3,9,0.6832872668062512,1.0,0.9351851851851851,0.9325396825396826
renfrewshire_2022_ward6,9,0.7077686027785649,1.0,0.9444444444444444,0.9682539682539683
sc_borders_2017_ward4,9,0.7862501301912217,0.7862501301912217,0.9444444444444444,0.9523809523809524
edinburgh_2017_ward7,9,0.7024594563939713,0.7303238330944836,0.8240740740740741,0.9285714285714286
aberdeen_2012_ward6,9,0.8302246765746361,1.0,0.9444444444444444,0.9841269841269842
aberdeen_2012_ward3,9,0.8633901796957848,0.8968454521887822,0.8888888888888888,0.9722222222222222
north_lanarkshire_2022_ward3,9,0.7725063765060034,0.7825523214708789,0.9259259259259258,0.9603174603174603
glasgow_2017_ward7,9,0.6617812633342702,1.0,0.9629629629629629,0.9523809523809524
renfrewshire_2017_ward6,9,0.7457615421883022,0.8184070364759991,0.8888888888888888,0.9484126984126984
glasgow_2017_ward18,9,0.6648562180051304,0.8519088547492738,0.9259259259259258,0.9484126984126984
glasgow_2022_ward23,9,0.6918969268270074,1.0,0.9259259259259258,0.9603174603174603
glasgow_2017_ward9,9,0.6242065468352588,0.6242065468352588,0.8611111111111112,0.9325396825396826
dundee_2012_ward4,9,0.8377587092623614,1.0,1.0,0.9404761904761905
fife_2022_ward3,9,0.7877089961555489,1.0,0.9259259259259258,0.9682539682539683
inverclyde_2022_ward4,9,0.7763444381727962,0.7763444381727962,0.9629629629629631,0.9603174603174603
renfrewshire_2017_ward3,9,0.8001671624971641,0.8015248605551591,0.9444444444444444,0.9484126984126984
edinburgh_2012_ward4,9,0.8194487951810063,0.8617287348675174,0.9629629629629629,0.9801587301587301
dundee_2012_ward1,9,0.7592601517162788,1.0,0.9629629629629629,0.9404761904761905
fife_2017_ward14,9,0.7998031067921271,0.8874596661779045,0.9629629629629631,0.9682539682539683
aberdeen_2017_ward2,9,0.7493397140324684,1.0,0.9259259259259258,0.9642857142857143
east_ayrshire_2017_ward9,9,0.7560944613479732,0.8277394831602706,0.9444444444444444,0.9801587301587301
north_lanarkshire_2012_ward18,9,0.813443084198313,1.0,0.9629629629629629,0.9563492063492064
south_lanarkshire_2022_ward6,9,0.7688991496441822,1.0,0.9444444444444444,0.9801587301587301
argyll_bute_2022_ward8,9,0.7306344513256499,0.7306344513256499,0.8148148148148148,0.9642857142857143
south_lanarkshire_2017_ward20,9,0.7807505466445102,0.8649226370380735,0.9629629629629629,0.9523809523809523
east_renfrewshire_2022_ward5,9,0.7259633889819144,0.7894866079946871,1.0,0.9563492063492064
aberdeen_2017_ward8,9,0.6947133949328713,0.6947133949328713,0.8888888888888888,0.9365079365079365
west_lothian_2022_ward2,9,0.7208891906575153,0.7208891906575153,0.9629629629629629,0.9722222222222222
south_lanarkshire_2022_ward7,9,0.7601703494903189,1.0,0.9444444444444444,0.9761904761904762
aberdeenshire_2022_ward17,9,0.8273601221663072,1.0,0.9259259259259258,0.9484126984126984
glasgow_2022_ward1,9,0.772553755388147,1.0,0.9629629629629631,0.9563492063492064
dumgal_2017_ward3,9,0.7721941245201899,0.7721941245201899,0.8888888888888888,0.9920634920634921
dundee_2022_ward4,9,0.8282529729187313,1.0,0.9259259259259258,0.9722222222222222
fife_2012_ward23,9,0.8698004146589841,1.0,0.9629629629629629,0.9761904761904762
angus_2022_ward8,9,0.7580207081299188,0.9101078924317847,0.9629629629629631,0.9682539682539683
dundee_2022_ward2,9,0.7536711360788009,1.0,1.0,0.9722222222222222
dumgal_2017_ward2,9,0.853503592791577,0.853503592791577,0.9629629629629629,0.9682539682539683
falkirk_2022_ward9,9,0.7966964451794403,0.9339391816353286,1.0,0.9761904761904762
glasgow_2022_ward4,9,0.7449294508771068,1.0,1.0,0.9603174603174603
east_lothian_2022_ward3,9,0.7672253849680774,1.0,0.9259259259259258,0.9682539682539683
fife_2022_ward7,9,0.7269530159887774,0.7269530159887774,0.9259259259259258,0.9523809523809523
glasgow_2007_pollokshields,9,0.8297570795349389,0.8297570795349389,0.8148148148148148,0.9642857142857143
dundee_2017_ward8,9,0.8355040810100224,1.0,0.9259259259259258,0.9523809523809523
midlothian_2012_ward4,9,0.8361123127011852,1.0,0.9444444444444444,0.9642857142857143
orkney_2012_ward4,9,0.8842467112708792,0.8842467112708792,1.0,0.9920634920634921
dumgal_2012_ward13,9,0.7677323732514818,0.9193957665394148,1.0,0.9722222222222222
glasgow_2022_ward7,9,0.7675627335430112,1.0,0.9629629629629629,0.9722222222222222
south_ayrshire_2022_ward4,9,0.8167048053310673,0.8167048053310673,0.8888888888888888,0.9682539682539683
fife_2022_ward20,9,0.6922217383765975,1.0,1.0,0.9880952380952381
fife_2017_ward3,9,0.7890731505076043,1.0,0.9259259259259258,0.9444444444444444
glasgow_2012_ward1,9,0.8071247601323602,0.8071247601323602,0.9629629629629629,0.9722222222222222
highland_2012_ward1,9,0.8101800653854638,1.0,1.0,0.9722222222222222
perth_kinross_2012_ward8,9,0.7386189180227504,1.0,1.0,0.9404761904761905
edinburgh_2022_ward2,9,0.9527352825290281,1.0,0.9259259259259258,0.9603174603174603
fife_2012_ward19,9,0.7429292994943126,0.7461403706432149,0.9629629629629629,0.9484126984126984
dundee_2017_ward3,9,0.7830777816510758,0.7830777816510758,0.9629629629629629,0.9761904761904762
west_lothian_2017_ward8,9,0.8128231956476063,0.8128231956476063,0.9629629629629629,0.9523809523809524
aberdeen_2022_ward4,9,0.7275068565287987,1.0,0.9444444444444444,0.9484126984126984
west_lothian_2012_ward8,9,0.6348180928198517,1.0,1.0,0.9563492063492064
argyll_bute_2012_ward6,9,0.7814212523706796,0.8953377946072719,0.9444444444444444,0.9642857142857143
edinburgh_2022_ward17,9,0.6791528298570555,0.6791528298570555,0.8888888888888888,0.9642857142857143
south_lanarkshire_2012_ward1,9,1.0,1.0,1.0,0.9682539682539683
eilean_siar_2017_ward3,9,0.8193343596974264,0.8193343596974264,0.8888888888888888,0.9841269841269842
fife_2017_ward11,9,0.7772945049640341,1.0,0.9444444444444444,0.9642857142857143
fife_2022_ward9,9,0.8239785501836674,0.8239785501836674,0.9444444444444444,0.9603174603174603
highland_2022_cromarty_firth,9,0.7237728165206799,1.0,1.0,0.9523809523809523
highland_2017_ward6,9,0.7633940713052261,1.0,0.9259259259259258,0.9682539682539683
highland_2022_inverness_west,9,0.7663631350689778,1.0,0.7592592592592593,0.9444444444444444
dumgal_2017_ward8,9,0.8399635457878684,0.8399635457878684,0.9259259259259258,0.9642857142857143
west_dunbartonshire_2012_ward3,9,0.7850518602843177,0.9066958268658353,0.9629629629629631,0.9682539682539683
highland_2017_ward2,9,0.7370348409209969,0.7370348409209969,0.8611111111111112,0.9484126984126984
aberdeen_2012_ward1,9,0.6952425313989442,0.8755877541908414,0.8518518518518519,0.9325396825396826
sc_borders_2022_ward3,9,0.8971098138392398,1.0,0.9629629629629629,0.9801587301587301
north_ayrshire_2012_ward1,9,0.9622788525372675,1.0,0.9259259259259258,0.9920634920634921
north_lanarkshire_2017_ward20,9,0.7762914540021819,1.0,0.9629629629629629,0.9801587301587301
glasgow_2017_ward10,9,0.640530906913925,1.0,0.9629629629629629,0.9722222222222222
glasgow_2022_ward9,9,0.6562309204690275,1.0,0.9259259259259258,0.9603174603174603
north_lanarkshire_2022_ward7,9,0.8762229789819256,1.0,1.0,0.9761904761904762
aberdeen_2012_ward2,9,0.7759709603870358,0.8848660435383369,1.0,0.9841269841269842
aberdeen_2017_ward6,9,0.6759434040549862,1.0,0.9444444444444444,0.9722222222222222
south_ayrshire_2022_ward5,9,0.7115229885317296,0.7143350388428809,0.9629629629629631,0.9444444444444444
highland_2022_eilean_a_che,9,0.7097970353521907,0.7097970353521907,0.8611111111111112,0.9603174603174603
glasgow_2007_newlands,9,0.8123981986097637,1.0,1.0,0.9761904761904762
glasgow_2007_anderston,9,0.9130213752778621,1.0,0.9629629629629629,0.9761904761904762
edinburgh_2022_ward1,9,0.5855883128068236,1.0,0.9629629629629631,0.9920634920634921
aberdeenshire_2012_ward5,9,0.7178598472834289,0.8346278486223834,0.9629629629629629,0.9404761904761905
east_renfrewshire_2017_ward2,9,0.7648854898594873,0.8836521471596979,0.9444444444444444,0.9563492063492064
south_lanarkshire_2022_ward20,9,0.8012941023453259,1.0,0.9629629629629629,0.9841269841269842
east_renfrewshire_2012_ward1,9,0.7782195862045145,1.0,0.9629629629629629,0.9484126984126984
west_dunbartonshire_2017_ward6,9,0.6221007337244686,0.7823555969682543,0.9259259259259258,0.9603174603174603
argyll_bute_2022_ward3,9,0.7624077447649402,0.7624077447649402,0.8518518518518519,0.9642857142857143
glasgow_2017_ward20,9,0.7433961114369929,0.7433961114369929,0.8888888888888888,0.9722222222222222
east_lothian_2022_ward1,9,0.6909067677175025,0.8145119887751137,0.9629629629629629,0.9404761904761905
glasgow_2007_southsidecentral,9,0.8170480346445922,0.8682373228060136,1.0,0.9682539682539683
fife_2022_ward5,9,0.863652815852239,1.0,0.9444444444444444,0.9841269841269842
fife_2017_ward5,9,0.8044854021753379,0.805136247236457,0.9444444444444444,0.9603174603174603
dundee_2022_ward1,9,0.7210767926923877,1.0,1.0,0.9682539682539683
dundee_2017_ward7,9,0.8935205435626574,1.0,1.0,0.9761904761904762
renfrewshire_2017_ward12,9,0.7469491848284425,0.7469491848284425,0.9259259259259258,0.9325396825396826
east_renfrewshire_2017_ward3,9,0.8092053556515699,0.8239758140928083,0.9444444444444444,0.9801587301587301
west_lothian_2017_ward2,9,0.847538709303464,0.8921627816015001,0.9629629629629629,0.9682539682539683
perth_kinross_2022_ward12,9,0.83728803656467,1.0,1.0,0.9484126984126984
glasgow_2012_ward21,9,0.6667488258060164,1.0,0.9629629629629629,0.9682539682539683
fife_2017_ward15,10,0.6952489672230077,1.0,0.95,0.9583333333333334
glasgow_2017_ward5,10,0.6362300347966556,0.707518853119237,0.875,0.9611111111111111
glasgow_2012_ward19,10,0.704493791458273,1.0,0.9666666666666666,0.9694444444444444
glasgow_2017_ward3,10,0.8616653355018026,1.0,1.0,0.975
eilean_siar_2022_ward9,10,0.8708075494448719,1.0,1.0,0.9972222222222222
stirling_2022_ward3,10,0.8537508541988319,0.9738148052958114,0.9333333333333332,0.9611111111111111
dundee_2017_ward2,10,0.7694907234300199,1.0,1.0,0.975
glasgow_2012_ward4,10,0.8220650388577488,1.0,1.0,0.9833333333333333
argyll_bute_2017_ward7,10,0.8053621675144267,0.8324378676846111,0.95,0.9666666666666667
fife_2017_ward18,10,0.6914881295288572,0.6914881295288572,0.8999999999999998,0.9777777777777777
renfrewshire_2017_ward9,10,0.7580181262478489,0.7580181262478489,0.9333333333333332,0.9555555555555556
glasgow_2012_ward17,10,0.8168103070696366,1.0,0.95,0.9805555555555555
argyll_bute_2017_ward5,10,0.8228672979817672,0.8228672979817672,0.9666666666666666,0.9666666666666667
glasgow_2022_ward2,10,0.644571898996392,0.7480859333204638,0.8666666666666668,0.95
highland_2022_inverness_central,10,0.783071541981969,1.0,1.0,0.9638888888888889
north_lanarkshire_2017_ward2,10,0.8069336722422554,0.8069336722422554,0.9666666666666666,0.9777777777777777
aberdeenshire_2022_ward4,10,0.8878645094264114,0.8878645094264114,0.9333333333333333,0.9638888888888889
glasgow_2017_ward8,10,0.7251878230328531,0.7881759852311064,0.9333333333333332,0.9638888888888889
aberdeen_2022_ward6,10,0.6997524744730139,1.0,0.95,0.9611111111111111
west_lothian_2022_ward5,10,0.6688751958519629,0.732776930977587,0.9666666666666668,0.9444444444444444
angus_2022_ward6,10,0.8286198671670334,0.8286198671670334,0.9333333333333332,0.95
north_ayrshire_2012_ward5,10,0.7949775015703289,1.0,0.9666666666666668,0.9388888888888889
aberdeenshire_2012_ward3,10,0.7450538148322834,0.8068177995712271,0.9666666666666666,0.9805555555555555
renfrewshire_2017_ward4,10,0.7121955674980749,0.7121955674980749,0.9666666666666666,0.9777777777777777
glasgow_2007_calton,10,0.7982277522921915,1.0,1.0,0.9611111111111111
glasgow_2022_ward16,10,0.6381734316940141,1.0,1.0,0.9638888888888889
eilean_siar_2012_ward7,10,0.8991290854421319,0.9625431215597849,0.8833333333333334,0.9694444444444444
glasgow_2017_ward4,10,0.6577873196119477,0.8558120252529564,0.9666666666666666,0.9583333333333334
argyll_bute_2012_ward5,10,0.8235063626422956,0.8235063626422956,0.9166666666666666,0.9833333333333333
fife_2012_ward14,10,0.7634256837018887,1.0,1.0,0.9583333333333334
highland_2012_ward9,10,0.9131219089156716,1.0,0.9666666666666668,0.9777777777777777
edinburgh_2022_ward5,10,0.6969101799778475,0.6969101799778475,0.7833333333333334,0.9527777777777777
glasgow_2022_ward8,10,0.7903619133007139,0.7903619133007139,0.9333333333333332,0.9722222222222222
fife_2017_ward9,10,0.8878017471446128,0.8878017471446128,0.9,0.9666666666666667
glasgow_2007_springburn,10,0.7975324664140795,1.0,1.0,0.95
glasgow_2007_drumchapel,10,0.7510552216665368,1.0,1.0,0.9861111111111112
highland_2012_ward10,10,1.0,1.0,1.0,0.9944444444444445
edinburgh_2022_ward16,10,0.7383891675028231,0.7383891675028231,0.9083333333333332,0.9722222222222222
glasgow_2012_ward8,10,0.8264848926159359,1.0,1.0,0.9833333333333333
edinburgh_2017_ward12,10,0.6383791290200925,1.0,0.9666666666666666,0.9583333333333334
moray_2012_ward8,10,0.7016972644426025,0.8700332014096768,0.9666666666666668,0.9666666666666667
falkirk_2017_ward3,10,0.78628378428303,0.78628378428303,0.9,0.9833333333333333
glasgow_2007_hillhead,10,0.7301310604704374,0.929411841974074,0.9666666666666668,0.9861111111111112
north_ayrshire_2012_ward2,10,0.7844083214692708,1.0,1.0,0.9944444444444445
dumgal_2017_ward9,10,0.8329862698339154,1.0,0.9333333333333332,0.9694444444444444
glasgow_2007_craigton,10,0.7405688355116774,0.7405688355116774,0.9333333333333333,0.9777777777777777
glasgow_2007_garscadden,10,0.7972651156486344,1.0,1.0,0.9666666666666667
fife_2017_ward22,10,0.8499969643811441,0.9213661043400291,0.9666666666666666,0.9583333333333334
west_lothian_2022_ward4,10,0.7152919661522223,0.7152919661522223,0.9666666666666666,0.9694444444444444
fife_2022_ward4,10,0.7066338028459956,1.0,0.9666666666666668,0.9583333333333334
glasgow_2022_ward10,10,0.7690928471823766,1.0,0.9666666666666666,0.9805555555555555
aberdeenshire_2012_ward18,10,0.797496408663801,0.797496408663801,0.85,0.9027777777777778
highland_2017_ward18,10,0.7228729278661783,0.7228729278661783,0.9,0.9583333333333334
glasgow_2017_ward17,10,0.6700326274167755,1.0,1.0,0.975
dundee_2017_ward4,10,0.8024896093790631,1.0,1.0,0.9722222222222222
glasgow_2012_ward20,10,0.8071849823169297,1.0,1.0,0.975
glasgow_2017_ward13,10,0.6786452233562356,0.8893128512975588,0.9333333333333332,0.975
aberdeen_2017_ward12,10,0.8110142954361309,1.0,0.9333333333333332,0.9694444444444444
glasgow_2007_north_east,10,0.7458003046016507,1.0,1.0,0.9805555555555555
glasgow_2017_ward14,10,0.6787546038481624,0.9671848307258162,1.0,0.9694444444444444
edinburgh_2017_ward1,10,0.8227633302332449,1.0,0.9666666666666666,0.9527777777777778
aberdeen_2022_ward12,10,0.7251431174529227,0.8118298909869174,1.0,0.975
glasgow_2022_ward14,10,0.6669210518387607,1.0,1.0,0.9611111111111111
aberdeenshire_2017_ward3,10,0.787992827573603,1.0,0.9666666666666666,0.9583333333333334
south_lanarkshire_2012_ward15,10,0.7376479759827733,1.0,0.9666666666666668,0.9888888888888889
east_renfrewshire_2022_ward4,10,0.7910076668734565,0.8604453907315076,0.9333333333333332,0.9638888888888889
north_ayrshire_2022_irvine_west,10,0.7311220850764382,0.7388698283003972,0.9333333333333332,0.9555555555555556
fife_2022_ward1,10,0.6975021770689831,0.6975021770689831,0.9,0.9694444444444444
glasgow_2022_ward6,10,0.6758606990831182,1.0,0.9666666666666668,0.9611111111111111
glasgow_2007_linn,11,0.8040623606959678,0.8176119683895225,1.0,0.9777777777777777
glasgow_2012_ward14,11,0.726936483042063,1.0,0.9696969696969696,0.9636363636363636
glasgow_2007_govan,11,0.8193934984270032,1.0,1.0,0.9797979797979798
orkney_2012_ward2,11,0.789005008150998,0.9120744696533097,1.0,0.9656565656565657
glasgow_2012_ward10,11,0.8307256706057469,0.8307256706057469,0.9696969696969698,0.9919191919191919
south_lanarkshire_2012_ward5,11,0.7727417069580654,0.8581311916633446,0.8863636363636364,0.9717171717171718
aberdeen_2012_ward8,11,0.7259093622629618,1.0,0.9545454545454546,0.9878787878787879
aberdeenshire_2022_ward19,11,0.8247930267272076,1.0,0.9393939393939393,0.9757575757575757
renfrewshire_2022_ward4,11,0.7531939067724159,1.0,1.0,0.9717171717171718
glasgow_2007_shettleston,11,0.774618673759371,1.0,1.0,0.9636363636363636
glasgow_2012_ward3,11,0.7838261306758681,1.0,1.0,0.9636363636363636
edinburgh_2012_ward12,11,0.6989174902834452,1.0,0.9696969696969696,0.9717171717171718
aberdeen_2012_ward5,11,0.8506725847097973,1.0,0.9545454545454546,0.9696969696969697
glasgow_2017_ward16,11,0.7634135042096871,1.0,1.0,0.9616161616161616
glasgow_2007_baillieston,11,0.813200840093347,0.813200840093347,0.9393939393939393,0.9737373737373738
glasgow_2022_ward3,11,0.8098482377895295,1.0,1.0,0.9696969696969697
east_renfrewshire_2017_ward4,11,0.8093514072146865,0.8357794871125975,0.9393939393939393,0.9737373737373738
glasgow_2022_ward18,11,0.6734984362185892,1.0,1.0,0.9717171717171718
argyll_bute_2022_ward4,11,0.7378482073105352,0.7378482073105352,0.9393939393939394,0.9676767676767677
glasgow_2012_ward2,11,0.8354841556838245,1.0,0.9545454545454546,0.9858585858585859
glasgow_2022_ward5,11,0.6482889927964918,0.8195421801689734,0.9696969696969696,0.9434343434343434
eilean_siar_2012_ward1,11,0.9094045579942261,1.0,0.9696969696969696,0.9939393939393939
north_ayrshire_2022_garnock_valley,11,0.8033520410583979,1.0,0.9772727272727273,0.9737373737373738
north_ayrshire_2012_ward3,11,0.6579164154931997,0.8630677287534433,0.9393939393939393,0.9656565656565657
glasgow_2007_canal,11,0.7826242433765674,0.8187992001674734,1.0,0.9878787878787879
glasgow_2012_ward18,11,0.6996936248538321,1.0,0.9696969696969696,0.98989898989899
edinburgh_2022_ward12,12,0.7587450419136275,0.7587450419136275,0.9444444444444445,0.9712121212121212
glasgow_2017_ward1,12,0.7291549676252309,0.7291549676252309,0.9444444444444445,0.9666666666666667
glasgow_2012_ward16,12,0.76123650396919,0.76123650396919,0.9722222222222223,0.9757575757575757
north_ayrshire_2022_north_coast,12,0.8688411621356311,1.0,0.9583333333333334,0.9696969696969697
north_lanarkshire_2017_ward19,12,0.7851620749341922,0.7851620749341922,0.9722222222222222,0.9742424242424242
aberdeen_2012_ward12,12,0.735213072738935,0.7458203284658426,0.9722222222222222,0.9848484848484849
highland_2017_ward10,12,0.766337041223729,1.0,0.9722222222222223,0.9727272727272728
glasgow_2017_ward19,12,0.7155221296979284,0.7155221296979284,0.9444444444444445,0.9787878787878788
glasgow_2012_ward12,13,0.8630236660616,1.0,0.9743589743589743,0.9801864801864801
glasgow_2012_ward9,13,0.8425635153860083,1.0,0.9615384615384616,0.9731934731934732
glasgow_2012_ward13,13,0.7610570289648305,1.0,0.9743589743589743,0.993006993006993
glasgow_2012_ward11,13,0.798176885142723,1.0,0.9743589743589743,0.9848484848484849
edinburgh_2022_ward11,13,0.7123025740835769,0.761290346618839,0.9230769230769231,0.9673659673659674
glasgow_2007_eastcentre,13,0.8126211400835901,1.0,0.9743589743589745,0.9883449883449883
glasgow_2012_ward5,14,0.7343828050802157,0.7658752732437664,0.9761904761904762,0.9844322344322345
