metric_iia,metric_um,rule,tiebreak,candidate_size,iia_L,iia_U,um_L,um_U,n_pairs,sizes_used,overlap_counts_by_size
sigma_IIA_average,sigma_UM_worst_case_asin,2-approval,lex,,0.9576936860193264,0.9641400770504135,0.8751825247738763,0.8860995560569681,1070,"[""3"", ""4"", ""5"", ""6"", ""7"", ""8"", ""9"", ""10"", ""11"", ""12"", ""13"", ""14""]","{""3"": 2, ""4"": 36, ""5"": 110, ""6"": 205, ""7"": 282, ""8"": 207, ""9"": 118, ""10"": 69, ""11"": 26, ""12"": 8, ""13"": 6, ""14"": 1}"
sigma_IIA_average,sigma_UM_worst_case_asin,2-approval,lex,3.0,1.0,1.0,1.0,1.0,2,"[""3""]","{""3"": 2}"
sigma_IIA_average,sigma_UM_worst_case_asin,2-approval,lex,4.0,0.8449074074074077,0.9444444444444444,0.9432825685199691,0.9835697823703303,36,"[""4""]","{""4"": 36}"
sigma_IIA_average,sigma_UM_worst_case_asin,2-approval,lex,5.0,0.9163636363636369,0.9466666666666668,0.9201104867144921,0.9524933019372946,110,"[""5""]","{""5"": 110}"
sigma_IIA_average,sigma_UM_worst_case_asin,2-approval,lex,6.0,0.9482103658536581,0.963333333333333,0.9055513112288329,0.9294436188826181,205,"[""6""]","{""6"": 205}"
sigma_IIA_average,sigma_UM_worst_case_asin,2-approval,lex,7.0,0.9594393785883136,0.9673083417764249,0.8595910138628644,0.8793207948101175,282,"[""7""]","{""7"": 282}"
sigma_IIA_average,sigma_UM_worst_case_asin,2-approval,lex,8.0,0.9670749942489089,0.9743501265240414,0.8508295961549142,0.8718904589828403,207,"[""8""]","{""8"": 207}"
sigma_IIA_average,sigma_UM_worst_case_asin,2-approval,lex,9.0,0.9712801822706484,0.9776365348399254,0.8272644793154771,0.8583490434231759,118,"[""9""]","{""9"": 118}"
sigma_IIA_average,sigma_UM_worst_case_asin,2-approval,lex,10.0,0.9756843800322064,0.9823268921095007,0.8204543974817317,0.8529493173921221,69,"[""10""]","{""10"": 69}"
sigma_IIA_average,sigma_UM_worst_case_asin,2-approval,lex,11.0,0.974747474747475,0.9851602564102566,0.8108881140629873,0.8473654794383193,26,"[""11""]","{""11"": 26}"
sigma_IIA_average,sigma_UM_worst_case_asin,2-approval,lex,12.0,0.9772727272727272,0.9852272727272728,0.7886361481932316,0.8560253650780262,8,"[""12""]","{""12"": 8}"
sigma_IIA_average,sigma_UM_worst_case_asin,2-approval,lex,13.0,0.9776612276612279,0.9924242424242423,0.7786764536766313,0.8683887266910356,6,"[""13""]","{""13"": 6}"
sigma_IIA_average,sigma_UM_worst_case_asin,2-approval,lex,14.0,0.9908424908424909,0.9908424908424909,0.7626050569060961,0.7626050569060961,1,"[""14""]","{""14"": 1}"
sigma_IIA_average,sigma_UM_worst_case_asin,3-approval,lex,,0.9738060212438115,0.9795253152545779,0.9386882485579587,0.9472342989314909,1070,"[""3"", ""4"", ""5"", ""6"", ""7"", ""8"", ""9"", ""10"", ""11"", ""12"", ""13"", ""14""]","{""3"": 2, ""4"": 36, ""5"": 110, ""6"": 205, ""7"": 282, ""8"": 207, ""9"": 118, ""10"": 69, ""11"": 26, ""12"": 8, ""13"": 6, ""14"": 1}"
sigma_IIA_average,sigma_UM_worst_case_asin,3-approval,lex,3.0,1.0,1.0,1.0,1.0,2,"[""3""]","{""3"": 2}"
sigma_IIA_average,sigma_UM_worst_case_asin,3-approval,lex,4.0,0.8888888888888887,0.9675925925925924,0.9154240731764913,0.9785263826885693,36,"[""4""]","{""4"": 36}"
sigma_IIA_average,sigma_UM_worst_case_asin,3-approval,lex,5.0,0.9354545454545458,0.9696969696969697,0.9098850678418027,0.9435552603515285,110,"[""5""]","{""5"": 110}"
sigma_IIA_average,sigma_UM_worst_case_asin,3-approval,lex,6.0,0.967559959349593,0.9786991869918693,0.9504155945848188,0.9679599850361895,205,"[""6""]","{""6"": 205}"
sigma_IIA_average,sigma_UM_worst_case_asin,3-approval,lex,7.0,0.977304542384328,0.9846335697399518,0.9503000769938797,0.964493541661309,282,"[""7""]","{""7"": 282}"
sigma_IIA_average,sigma_UM_worst_case_asin,3-approval,lex,8.0,0.9783471359558336,0.9847883597883612,0.9322384870981897,0.9511684675352378,207,"[""8""]","{""8"": 207}"
sigma_IIA_average,sigma_UM_worst_case_asin,3-approval,lex,9.0,0.9843960182943238,0.9899784772666137,0.9118409184569256,0.9373405352252075,118,"[""9""]","{""9"": 118}"
sigma_IIA_average,sigma_UM_worst_case_asin,3-approval,lex,10.0,0.9855475040257652,0.9908615136876008,0.8938568177709517,0.92829200788276,69,"[""10""]","{""10"": 69}"
sigma_IIA_average,sigma_UM_worst_case_asin,3-approval,lex,11.0,0.9808080808080809,0.9934731934731934,0.8910459291733558,0.9319928068525657,26,"[""11""]","{""11"": 26}"
sigma_IIA_average,sigma_UM_worst_case_asin,3-approval,lex,12.0,0.9856060606060607,0.9979166666666666,0.8629096591407825,0.9169100854435066,8,"[""12""]","{""12"": 8}"
sigma_IIA_average,sigma_UM_worst_case_asin,3-approval,lex,13.0,0.9854312354312355,0.9965034965034966,0.8825207388387754,0.9331279413301099,6,"[""13""]","{""13"": 6}"
sigma_IIA_average,sigma_UM_worst_case_asin,3-approval,lex,14.0,0.9990842490842491,0.9990842490842491,0.9891797448696688,0.9891797448696688,1,"[""14""]","{""14"": 1}"
sigma_IIA_average,sigma_UM_worst_case_asin,borda,lex,,0.9863067608663397,0.9893784185375887,0.9545395630234155,0.9612808696404447,1070,"[""3"", ""4"", ""5"", ""6"", ""7"", ""8"", ""9"", ""10"", ""11"", ""12"", ""13"", ""14""]","{""3"": 2, ""4"": 36, ""5"": 110, ""6"": 205, ""7"": 282, ""8"": 207, ""9"": 118, ""10"": 69, ""11"": 26, ""12"": 8, ""13"": 6, ""14"": 1}"
sigma_IIA_average,sigma_UM_worst_case_asin,borda,lex,3.0,1.0,1.0,1.0,1.0,2,"[""3""]","{""3"": 2}"
sigma_IIA_average,sigma_UM_worst_case_asin,borda,lex,4.0,0.9398148148148147,0.9907407407407407,0.9544216014098478,0.9895547453655246,36,"[""4""]","{""4"": 36}"
sigma_IIA_average,sigma_UM_worst_case_asin,borda,lex,5.0,0.9703030303030308,0.9848484848484852,0.9704386129843232,0.9877684147262905,110,"[""5""]","{""5"": 110}"
sigma_IIA_average,sigma_UM_worst_case_asin,borda,lex,6.0,0.98170731707317,0.9887002032520322,0.9621274443437551,0.9761482564500776,205,"[""6""]","{""6"": 205}"
sigma_IIA_average,sigma_UM_worst_case_asin,borda,lex,7.0,0.9864910503208368,0.9904424181019914,0.9491600592679718,0.9622168996882272,282,"[""7""]","{""7"": 282}"
sigma_IIA_average,sigma_UM_worst_case_asin,borda,lex,8.0,0.989159190246148,0.9929549114331734,0.9458502631260985,0.9608167093372889,207,"[""8""]","{""8"": 207}"
sigma_IIA_average,sigma_UM_worst_case_asin,borda,lex,9.0,0.992399784772667,0.995325531342481,0.9332006636513124,0.9539417678952204,118,"[""9""]","{""9"": 118}"
sigma_IIA_average,sigma_UM_worst_case_asin,borda,lex,10.0,0.9923107890499193,0.9966988727858294,0.9248765271589509,0.9520366286090989,69,"[""10""]","{""10"": 69}"
sigma_IIA_average,sigma_UM_worst_case_asin,borda,lex,11.0,0.9950271950271952,0.998912198912199,0.9273475811486335,0.9701431211000451,26,"[""11""]","{""11"": 26}"
sigma_IIA_average,sigma_UM_worst_case_asin,borda,lex,12.0,0.9846590909090908,0.9981060606060606,0.8817375758822058,0.9234518464754771,8,"[""12""]","{""12"": 8}"
sigma_IIA_average,sigma_UM_worst_case_asin,borda,lex,13.0,0.9951437451437452,0.9996114996114995,0.8977551511301738,0.966277754002202,6,"[""13""]","{""13"": 6}"
sigma_IIA_average,sigma_UM_worst_case_asin,borda,lex,14.0,0.9963369963369964,0.9963369963369964,0.9891797448696688,0.9891797448696688,1,"[""14""]","{""14"": 1}"
sigma_IIA_average,sigma_UM_worst_case_asin,plurality,lex,,0.9423579034866959,0.9483738264266854,0.7749416253278273,0.7878222948024008,1070,"[""3"", ""4"", ""5"", ""6"", ""7"", ""8"", ""9"", ""10"", ""11"", ""12"", ""13"", ""14""]","{""3"": 2, ""4"": 36, ""5"": 110, ""6"": 205, ""7"": 282, ""8"": 207, ""9"": 118, ""10"": 69, ""11"": 26, ""12"": 8, ""13"": 6, ""14"": 1}"
sigma_IIA_average,sigma_UM_worst_case_asin,plurality,lex,3.0,1.0,1.0,1.0,1.0,2,"[""3""]","{""3"": 2}"
sigma_IIA_average,sigma_UM_worst_case_asin,plurality,lex,4.0,0.863425925925926,0.9467592592592591,0.8277339234342755,0.9157714142600554,36,"[""4""]","{""4"": 36}"
sigma_IIA_average,sigma_UM_worst_case_asin,plurality,lex,5.0,0.8948484848484849,0.9239393939393937,0.7972706850284917,0.8448183428692232,110,"[""5""]","{""5"": 110}"
sigma_IIA_average,sigma_UM_worst_case_asin,plurality,lex,6.0,0.9201626016260166,0.9331707317073169,0.7839623752877558,0.8144913243389382,205,"[""6""]","{""6"": 205}"
sigma_IIA_average,sigma_UM_worst_case_asin,plurality,lex,7.0,0.9429922323539328,0.9500844309354932,0.7665324536459815,0.7902197705702424,282,"[""7""]","{""7"": 282}"
sigma_IIA_average,sigma_UM_worst_case_asin,plurality,lex,8.0,0.9566367609845895,0.9628191856452746,0.7502222025940906,0.7738934138738888,207,"[""8""]","{""8"": 207}"
sigma_IIA_average,sigma_UM_worst_case_asin,plurality,lex,9.0,0.9648910411622273,0.9709106806564433,0.7358389439705254,0.7687031426966157,118,"[""9""]","{""9"": 118}"
sigma_IIA_average,sigma_UM_worst_case_asin,plurality,lex,10.0,0.9679146537842186,0.9760869565217386,0.7193932119889183,0.7631824983114045,69,"[""10""]","{""10"": 69}"
sigma_IIA_average,sigma_UM_worst_case_asin,plurality,lex,11.0,0.9687645687645686,0.9807303807303808,0.7394941055993788,0.792760074396169,26,"[""11""]","{""11"": 26}"
sigma_IIA_average,sigma_UM_worst_case_asin,plurality,lex,12.0,0.9666666666666666,0.9804924242424241,0.7219667437562415,0.7809768915253963,8,"[""12""]","{""12"": 8}"
sigma_IIA_average,sigma_UM_worst_case_asin,plurality,lex,13.0,0.9778554778554779,0.9904817404817404,0.7526378652917893,0.8604897416305151,6,"[""13""]","{""13"": 6}"
sigma_IIA_average,sigma_UM_worst_case_asin,plurality,lex,14.0,0.9880952380952381,0.9880952380952381,0.7335152329017748,0.7335152329017748,1,"[""14""]","{""14"": 1}"
sigma_IIA_average,sigma_UM_worst_case_asin,random,lex,,0.49327161869802116,0.503522728990895,0.5715743764821659,0.5846384380192925,1070,"[""3"", ""4"", ""5"", ""6"", ""7"", ""8"", ""9"", ""10"", ""11"", ""12"", ""13"", ""14""]","{""3"": 2, ""4"": 36, ""5"": 110, ""6"": 205, ""7"": 282, ""8"": 207, ""9"": 118, ""10"": 69, ""11"": 26, ""12"": 8, ""13"": 6, ""14"": 1}"
sigma_IIA_average,sigma_UM_worst_case_asin,random,lex,3.0,0.33333333333333337,1.0,0.4978463307523656,0.555662429035123,2,"[""3""]","{""3"": 2}"
sigma_IIA_average,sigma_UM_worst_case_asin,random,lex,4.0,0.4884259259259259,0.599537037037037,0.5827481512758952,0.7104521746455618,36,"[""4""]","{""4"": 36}"
sigma_IIA_average,sigma_UM_worst_case_asin,random,lex,5.0,0.4599999999999999,0.506060606060606,0.6001608976500433,0.6505608841157935,110,"[""5""]","{""5"": 110}"
sigma_IIA_average,sigma_UM_worst_case_asin,random,lex,6.0,0.4870731707317074,0.5117886178861791,0.5789097325490161,0.611326873812066,205,"[""6""]","{""6"": 205}"
sigma_IIA_average,sigma_UM_worst_case_asin,random,lex,7.0,0.486355538669368,0.504019334684228,0.5625171059087037,0.5861048808897333,282,"[""7""]","{""7"": 282}"
sigma_IIA_average,sigma_UM_worst_case_asin,random,lex,8.0,0.4909995399125832,0.5074192690361169,0.5531848661135641,0.5778752450747937,207,"[""8""]","{""8"": 207}"
sigma_IIA_average,sigma_UM_worst_case_asin,random,lex,9.0,0.49129001883239176,0.5099210552865214,0.5367914517564794,0.5646419087713925,118,"[""9""]","{""9"": 118}"
sigma_IIA_average,sigma_UM_worst_case_asin,random,lex,10.0,0.48023349436392915,0.505878119967794,0.528241635288552,0.5613383128658349,69,"[""10""]","{""10"": 69}"
sigma_IIA_average,sigma_UM_worst_case_asin,random,lex,11.0,0.5003885003885004,0.5308469308469308,0.5111981165621461,0.560405474733091,26,"[""11""]","{""11"": 26}"
sigma_IIA_average,sigma_UM_worst_case_asin,random,lex,12.0,0.48541666666666666,0.5121212121212122,0.4810027363474599,0.5711481035391284,8,"[""12""]","{""12"": 8}"
sigma_IIA_average,sigma_UM_worst_case_asin,random,lex,13.0,0.4683299339549339,0.5198135198135198,0.46734413104196926,0.5450290207660404,6,"[""13""]","{""13"": 6}"
sigma_IIA_average,sigma_UM_worst_case_asin,random,lex,14.0,0.5073260073260074,0.5073260073260074,0.5778219737423004,0.5778219737423004,1,"[""14""]","{""14"": 1}"
sigma_IIA_average,sigma_UM_worst_case_asin,ranked-pairs,lex,,0.9993948054476675,0.9998139544450875,0.9979187074496656,0.9990860378810584,1070,"[""3"", ""4"", ""5"", ""6"", ""7"", ""8"", ""9"", ""10"", ""11"", ""12"", ""13"", ""14""]","{""3"": 2, ""4"": 36, ""5"": 110, ""6"": 205, ""7"": 282, ""8"": 207, ""9"": 118, ""10"": 69, ""11"": 26, ""12"": 8, ""13"": 6, ""14"": 1}"
sigma_IIA_average,sigma_UM_worst_case_asin,ranked-pairs,lex,3.0,1.0,1.0,1.0,1.0,2,"[""3""]","{""3"": 2}"
sigma_IIA_average,sigma_UM_worst_case_asin,ranked-pairs,lex,4.0,0.9907407407407409,1.0,0.9951265105731856,1.0,36,"[""4""]","{""4"": 36}"
sigma_IIA_average,sigma_UM_worst_case_asin,ranked-pairs,lex,5.0,1.0,1.0,1.0,1.0,110,"[""5""]","{""5"": 110}"
sigma_IIA_average,sigma_UM_worst_case_asin,ranked-pairs,lex,6.0,0.9990243902439021,0.9999186991869918,0.9977710915744991,0.9997617177890923,205,"[""6""]","{""6"": 205}"
sigma_IIA_average,sigma_UM_worst_case_asin,ranked-pairs,lex,7.0,0.9994258696386354,0.9998986828774064,0.9975618426196359,0.9997634437394939,282,"[""7""]","{""7"": 282}"
sigma_IIA_average,sigma_UM_worst_case_asin,ranked-pairs,lex,8.0,0.9993673798021625,0.9998562226823097,0.9952263001197009,0.9989580255740693,207,"[""8""]","{""8"": 207}"
sigma_IIA_average,sigma_UM_worst_case_asin,ranked-pairs,lex,9.0,0.9996973365617434,1.0,0.9971498233545805,1.0,118,"[""9""]","{""9"": 118}"
sigma_IIA_average,sigma_UM_worst_case_asin,ranked-pairs,lex,10.0,0.9997181964573266,1.0,0.995133492955895,1.0,69,"[""10""]","{""10"": 69}"
sigma_IIA_average,sigma_UM_worst_case_asin,ranked-pairs,lex,11.0,0.9992229992229992,1.0,0.9894784085745361,1.0,26,"[""11""]","{""11"": 26}"
sigma_IIA_average,sigma_UM_worst_case_asin,ranked-pairs,lex,12.0,0.999431818181818,1.0,0.9895037432827936,1.0,8,"[""12""]","{""12"": 8}"
sigma_IIA_average,sigma_UM_worst_case_asin,ranked-pairs,lex,13.0,0.9988344988344989,1.0,0.9917142566607686,1.0,6,"[""13""]","{""13"": 6}"
sigma_IIA_average,sigma_UM_worst_case_asin,ranked-pairs,lex,14.0,1.0,1.0,1.0,1.0,1,"[""14""]","{""14"": 1}"
sigma_IIA_average,sigma_UM_worst_case_asin,stv,lex,,0.9401611090752429,0.9465374874022632,0.8013511928307481,0.8139311273864905,1070,"[""3"", ""4"", ""5"", ""6"", ""7"", ""8"", ""9"", ""10"", ""11"", ""12"", ""13"", ""14""]","{""3"": 2, ""4"": 36, ""5"": 110, ""6"": 205, ""7"": 282, ""8"": 207, ""9"": 118, ""10"": 69, ""11"": 26, ""12"": 8, ""13"": 6, ""14"": 1}"
sigma_IIA_average,sigma_UM_worst_case_asin,stv,lex,3.0,1.0,1.0,1.0,1.0,2,"[""3""]","{""3"": 2}"
sigma_IIA_average,sigma_UM_worst_case_asin,stv,lex,4.0,0.8726851851851851,0.9513888888888888,0.8597505897580368,0.9300298670383464,36,"[""4""]","{""4"": 36}"
sigma_IIA_average,sigma_UM_worst_case_asin,stv,lex,5.0,0.8869696969696971,0.9181818181818183,0.824160015170407,0.8712122550038417,110,"[""5""]","{""5"": 110}"
sigma_IIA_average,sigma_UM_worst_case_asin,stv,lex,6.0,0.9232510162601623,0.9376422764227641,0.8213750904206746,0.8493634505722754,205,"[""6""]","{""6"": 205}"
sigma_IIA_average,sigma_UM_worst_case_asin,stv,lex,7.0,0.9384325396825376,0.9474164133738588,0.7891657704157394,0.8134763580958471,282,"[""7""]","{""7"": 282}"
sigma_IIA_average,sigma_UM_worst_case_asin,stv,lex,8.0,0.9537612146307811,0.9603174603174622,0.77713461743173,0.8002298337710997,207,"[""8""]","{""8"": 207}"
sigma_IIA_average,sigma_UM_worst_case_asin,stv,lex,9.0,0.9601156846919552,0.9662698412698406,0.7615289234441137,0.7924196231752135,118,"[""9""]","{""9"": 118}"
sigma_IIA_average,sigma_UM_worst_case_asin,stv,lex,10.0,0.9638083735909821,0.9716586151368757,0.7447309911296383,0.7854615254421182,69,"[""10""]","{""10"": 69}"
sigma_IIA_average,sigma_UM_worst_case_asin,stv,lex,11.0,0.9686868686868688,0.9784770784770784,0.7463697324751988,0.7995798812793559,26,"[""11""]","{""11"": 26}"
sigma_IIA_average,sigma_UM_worst_case_asin,stv,lex,12.0,0.9702651515151515,0.9785984848484848,0.7364479491523405,0.8046434568901045,8,"[""12""]","{""12"": 8}"
sigma_IIA_average,sigma_UM_worst_case_asin,stv,lex,13.0,0.9729992229992229,0.9887334887334888,0.750992186700728,0.8409831446148704,6,"[""13""]","{""13"": 6}"
sigma_IIA_average,sigma_UM_worst_case_asin,stv,lex,14.0,0.9844322344322345,0.9844322344322345,0.7343828050802157,0.7343828050802157,1,"[""14""]","{""14"": 1}"
