9,4,
1,1,3,5,2,
3,1,3,9,4,
1,4,1,7,9,
1,1,3,9,6,7,8,2,4,5,
2,8,7,3,1,5,
1,1,3,2,6,9,4,5,7,8,
3,2,3,9,1,
2,3,1,5,
1,2,6,9,1,3,4,
2,9,6,2,1,3,4,
1,7,8,5,4,6,9,
3,3,7,8,1,
1,1,3,2,4,6,9,
1,2,3,1,6,9,
1,9,2,6,1,
1,2,4,7,
1,3,9,1,4,
1,5,3,7,8,1,2,4,9,6,
1,8,3,9,7,1,6,4,2,5,
1,8,1,3,7,
1,2,3,1,4,8,7,5,6,9,
1,8,7,4,6,9,3,2,1,5,
1,6,2,3,
5,2,1,3,9,6,4,
1,7,8,1,6,9,3,5,4,2,
1,1,2,9,3,4,6,
1,7,8,1,3,9,2,5,
1,6,2,9,1,
1,1,7,9,3,6,8,
1,1,3,7,8,9,2,6,5,4,
1,7,5,8,
1,5,7,1,3,
2,3,2,1,9,6,4,
1,7,6,5,
1,6,5,3,
6,2,3,1,9,
1,7,8,5,3,1,
1,8,7,5,3,1,4,6,
1,7,8,3,1,6,9,2,
4,2,3,4,
1,7,8,6,9,4,3,1,
1,8,7,3,1,5,4,
1,7,8,1,3,9,2,4,5,6,
9,6,9,
2,8,7,3,1,9,
1,7,8,5,6,4,
3,9,2,1,6,
1,7,8,5,9,1,3,4,6,2,
1,8,7,1,5,3,9,
3,9,4,6,2,1,3,7,8,5,
1,2,8,6,
1,7,8,6,3,
1,9,6,7,1,
1,1,2,3,6,9,
2,6,1,3,2,
1,3,4,2,5,8,
1,1,7,6,
1,3,4,8,1,7,5,6,9,2,
1,6,1,3,7,8,9,4,5,2,
1,6,9,2,3,
1,9,8,7,1,6,5,
1,2,1,9,6,
1,9,4,2,
1,6,1,3,2,9,
1,1,5,4,9,3,
1,7,8,5,9,6,
1,7,6,8,2,
1,2,1,3,8,
1,1,2,3,6,9,4,7,8,5,
12,2,6,4,
3,4,6,1,
1,7,8,1,3,2,5,9,6,4,
1,5,6,7,9,
13,4,6,
2,4,9,2,
1,7,9,1,3,
27,8,
1,4,6,9,2,1,
1,9,1,2,3,6,4,7,8,5,
1,1,4,7,9,
1,2,4,6,1,3,5,9,7,8,
1,7,8,5,4,6,9,3,2,1,
1,3,1,7,8,5,4,9,6,2,
1,8,7,4,5,6,
1,7,8,6,4,3,1,9,5,2,
1,8,7,6,5,9,4,1,3,2,
1,6,2,9,4,5,1,3,7,8,
2,9,2,6,4,
1,1,3,2,4,5,7,
1,7,8,3,4,1,9,6,
1,9,6,4,1,7,8,5,3,2,
2,1,3,7,8,4,
2,1,3,9,2,4,6,
13,7,8,3,1,
1,7,1,2,
1,2,3,4,1,5,6,9,7,8,
1,3,2,4,
4,7,8,9,3,1,
14,2,1,9,
1,5,3,7,
5,1,3,2,6,9,
1,1,3,8,7,9,4,6,5,2,
1,1,2,3,4,5,
1,7,9,3,4,8,
1,2,5,6,
1,7,2,1,9,8,
1,2,4,3,6,9,
1,6,4,9,1,2,8,5,3,7,
1,2,6,9,7,8,4,1,3,5,
1,2,3,8,
1,7,1,8,3,5,4,6,9,
1,7,8,3,1,6,
1,8,7,5,4,6,9,1,3,2,
1,6,2,9,4,1,3,5,7,8,
2,6,9,2,1,
1,5,3,6,
1,1,9,6,2,
1,1,3,6,9,4,7,
1,3,9,1,4,2,6,
64,7,8,1,
5,5,8,7,
2,7,8,6,5,4,9,3,1,2,
1,7,6,4,5,
1,1,8,7,6,4,2,9,3,5,
2,3,1,8,7,9,
1,8,7,9,6,
2,1,3,8,7,9,
1,1,3,9,6,2,4,5,7,8,
1,7,8,4,6,9,1,3,5,2,
1,9,7,1,3,8,2,
1,7,3,9,1,
1,8,1,9,7,
1,5,7,8,9,
2,8,7,3,1,6,
1,7,8,1,3,5,6,4,9,2,
12,8,7,4,
45,1,3,4,
1,7,3,8,1,4,6,5,2,
1,3,1,5,4,6,2,9,7,8,
6,5,7,8,
1,7,8,2,5,6,4,
1,6,7,8,5,4,
1,8,7,3,4,1,
1,3,1,7,2,8,
1,1,3,9,2,7,5,8,4,6,
2,3,9,
1,3,1,6,9,4,
2,3,1,9,4,6,
1,1,3,4,6,9,7,8,2,5,
1,1,9,8,5,3,
1,5,1,3,2,4,7,6,8,9,
1,1,3,7,6,
1,9,2,1,3,6,5,4,7,8,
1,9,1,6,7,3,2,
4,1,3,9,4,6,
1,3,1,7,8,9,
1,1,3,9,5,
1,1,9,7,6,
1,5,7,9,2,
1,8,7,9,3,
1,2,9,1,3,6,5,7,8,4,
1,7,1,3,9,6,8,2,4,5,
34,1,3,7,8,
1,3,1,7,8,4,
1,8,7,6,5,9,3,1,4,2,
1,3,9,1,
1,3,4,6,1,
1,1,4,3,5,2,6,9,7,8,
2,5,2,
2,3,4,
2,9,1,3,2,6,
1,7,8,1,6,9,3,
1,9,6,2,4,
1,6,9,3,1,2,4,5,7,8,
1,7,8,1,3,4,
1,6,9,2,4,1,3,7,
2,3,2,9,1,
2,8,7,9,1,3,6,4,5,2,
1,8,5,7,4,6,3,1,9,2,
1,9,2,1,6,3,4,8,7,5,
1,7,8,4,5,
1,4,8,
3,7,8,5,6,9,1,3,4,2,
2,7,8,5,1,3,9,6,4,2,
1,1,7,8,6,
1,8,7,6,9,3,2,4,1,
1,9,1,8,3,
1,9,1,3,2,4,
1,9,1,3,6,8,7,
1,8,5,7,4,6,1,9,3,2,
2,1,3,9,7,8,
1,1,7,8,9,
1,2,1,3,4,9,
3,2,4,6,9,
1,3,1,8,5,7,
1,1,9,4,2,3,6,
1,7,1,8,9,3,
1,1,3,6,9,7,8,4,5,2,
2,9,2,1,
1,1,6,3,7,
1,6,3,9,7,1,
1,2,1,6,9,3,4,5,7,8,
1,1,6,9,8,
1,3,1,2,5,4,
4,1,3,2,4,
1,3,1,7,8,9,5,4,6,2,
1,5,7,8,4,9,3,1,6,2,
1,8,3,7,1,9,
1,6,3,1,2,9,4,
1,1,6,5,
1,2,1,3,4,6,5,7,8,
2,6,4,7,
7,1,3,2,6,
1,1,7,6,3,9,4,8,2,
1,3,2,1,9,4,
3,9,2,7,
3,2,7,
4,2,1,3,6,
3,9,6,1,3,
1,1,3,6,9,4,7,8,2,5,
1,2,1,9,7,8,3,5,
88,1,
24,8,7,1,
1,3,1,9,2,6,4,7,8,5,
3,1,3,6,2,
1,8,7,9,6,4,3,1,2,5,
1,7,4,6,
1,3,1,5,6,2,8,9,7,4,
1,7,8,1,3,5,2,9,
2,7,8,1,3,6,4,9,5,2,
6,2,6,1,
1,7,8,6,4,5,
1,7,8,9,3,1,5,6,
2,6,9,1,3,
1,1,9,6,7,
1,4,6,9,2,
1,7,8,1,3,5,4,6,9,2,
1,4,2,6,
1,2,1,3,6,4,5,9,7,8,
4,1,3,9,6,
1,1,8,9,
2,3,1,9,2,6,
4,2,3,1,9,6,4,
4,2,3,1,4,
1,8,2,3,7,
1,7,1,6,8,
2,9,3,4,
1,6,7,3,
1,9,6,1,7,
2,1,9,8,
1,9,6,3,
1,7,8,1,4,6,3,9,2,5,
1,7,8,3,6,
1,7,5,6,4,
1,7,8,3,6,9,4,1,
1,7,8,9,3,1,5,4,6,2,
1,2,3,9,6,1,
1,7,8,1,3,2,6,
1,6,9,8,3,1,
1,9,4,1,3,
1,9,2,1,3,
3,3,1,7,8,6,
20,2,4,
1,7,8,9,5,
1,7,6,8,9,
2,8,7,5,6,4,3,9,1,2,
1,2,4,6,1,3,9,5,7,8,
1,8,7,1,3,6,
1,8,7,6,9,1,3,4,5,2,
3,1,2,3,4,
2,4,6,5,
2,3,1,2,6,9,4,
1,3,1,4,6,9,7,8,
2,4,5,6,
2,7,8,6,1,3,
1,1,9,7,2,8,4,6,5,3,
2,9,7,8,6,
1,7,8,1,3,6,5,9,2,4,
1,6,7,8,4,3,1,9,5,2,
1,6,7,8,3,1,4,5,9,2,
1,8,1,7,3,9,2,
1,7,3,8,1,
1,2,9,1,3,6,4,
1,6,7,5,
1,2,6,3,4,
1,9,2,3,4,1,6,7,8,5,
1,7,9,6,
2,7,8,1,6,
6,3,1,8,
2,6,9,2,4,
1,8,7,4,9,6,
1,3,1,4,9,
2,1,6,8,
3,4,2,9,
1,1,9,6,2,4,3,5,7,8,
2,7,8,9,1,
1,3,1,7,8,9,4,5,6,2,
5,1,3,8,7,
1,8,7,6,9,3,5,1,4,
1,7,8,5,1,4,6,9,3,2,
1,1,3,2,7,8,9,4,5,6,
1,7,8,9,4,
2,7,2,8,
1,1,3,4,2,9,5,6,7,8,
1,3,8,1,4,6,5,2,9,7,
1,3,1,5,8,7,6,4,9,2,
2,1,3,7,8,4,9,6,5,2,
1,7,6,4,2,
1,8,7,4,6,5,3,1,9,
1,1,2,4,6,9,
1,8,7,3,1,2,4,5,6,9,
1,1,3,8,7,9,6,4,
2,2,4,1,6,9,3,
1,7,5,3,
1,9,1,7,6,
1,2,3,1,9,6,4,5,7,8,
1,2,9,3,1,6,4,5,
1,5,4,
11,1,3,4,6,
1,7,8,6,3,1,9,
1,8,3,7,6,1,
7,2,9,3,1,
2,1,8,9,3,
1,1,3,9,6,4,7,8,5,2,
1,8,7,3,1,9,5,4,6,2,
1,4,6,1,9,2,
30,2,6,
1,7,1,8,3,
2,7,8,3,1,4,6,9,5,2,
2,8,7,3,1,9,6,4,5,2,
1,2,4,6,9,3,
1,1,5,8,
1,1,7,3,8,9,
1,7,8,6,4,1,9,2,3,5,
11,1,9,3,
1,3,7,5,
1,3,1,4,6,
2,3,6,2,
1,2,3,9,1,6,
1,6,7,8,9,5,4,1,3,2,
1,9,7,4,
1,1,3,4,2,5,9,8,7,6,
2,3,1,4,2,
1,1,3,6,2,9,4,5,
1,3,1,8,7,2,4,5,6,
1,7,8,9,5,3,1,6,4,2,
1,2,7,8,
1,2,9,6,1,4,3,
1,2,9,6,7,
1,7,1,3,9,
2,6,4,2,
1,7,8,6,9,4,1,3,2,5,
16,9,1,
3,1,9,3,6,
1,6,7,1,2,
1,3,1,9,4,6,2,7,8,5,
2,7,3,1,
1,9,6,1,3,2,8,7,5,4,
1,3,1,5,4,2,6,7,8,
13,1,3,6,9,
1,3,7,8,9,
1,9,2,8,
2,6,7,1,9,8,
1,6,9,2,3,1,
1,1,3,9,4,6,2,
1,9,2,6,4,1,3,5,7,8,
2,2,9,4,
1,7,8,4,1,5,
1,6,4,9,3,1,
1,8,7,5,6,9,4,1,3,2,
2,2,1,3,4,
1,1,3,6,2,9,7,8,4,5,
1,1,3,9,4,6,2,8,7,5,
1,9,7,5,
1,1,2,6,3,
1,3,1,2,6,
1,7,8,3,1,9,4,6,5,2,
1,3,9,7,5,
1,3,1,7,2,
1,6,1,2,3,
1,9,1,2,6,3,
1,1,3,9,7,8,6,4,2,5,
2,1,3,9,2,6,
1,5,7,8,1,2,3,9,6,4,
1,1,6,9,3,
1,2,4,5,6,9,3,1,7,8,
21,8,7,6,
1,7,8,6,1,3,9,4,2,5,
1,1,3,9,2,7,
1,1,3,4,9,2,5,6,7,8,
1,1,8,7,9,
1,1,3,9,6,2,4,5,8,
2,7,1,6,
4,7,8,6,9,
2,7,8,6,1,
7,1,3,6,4,
3,7,8,5,3,
1,6,1,7,8,5,4,3,9,2,
1,2,6,4,1,9,3,
1,1,3,2,6,9,4,
7,6,7,8,
1,7,8,4,6,9,
1,1,3,9,7,8,6,4,5,2,
1,3,1,6,9,4,5,7,8,2,
1,8,7,9,2,
4,1,6,2,
2,7,8,1,9,
1,2,6,1,3,9,
1,6,2,1,3,9,4,
1,7,8,5,3,1,4,6,9,2,
1,1,3,6,8,9,
2,3,8,
1,7,8,3,5,1,6,4,9,2,
1,9,3,1,2,6,4,5,7,8,
1,1,3,7,8,9,6,5,4,2,
173,2,
42,7,8,6,
36,1,3,7,
1,2,1,3,5,7,8,9,4,6,
1,7,9,2,
1,1,2,3,4,9,
1,7,8,9,3,1,4,6,5,2,
2,9,2,6,3,
4,9,6,2,
1,7,8,5,1,9,
2,8,7,3,1,9,6,5,4,2,
4,8,7,9,1,
1,4,1,2,6,
1,3,2,1,7,
1,5,7,8,6,4,9,1,3,2,
1,7,8,1,9,6,3,4,5,2,
1,2,6,9,4,1,3,5,8,7,
12,2,1,6,
9,5,
1,8,7,5,4,6,
1,9,1,8,7,3,
1,1,2,6,9,3,4,
1,6,7,3,1,8,5,9,4,2,
1,2,4,6,9,1,3,7,8,5,
1,2,3,9,4,1,6,
1,3,1,7,9,6,4,8,2,5,
1,5,7,3,
1,9,6,7,
1,8,2,3,
3,3,1,8,7,
1,5,6,8,7,4,
2,3,7,1,8,
2,3,1,6,9,
1,7,8,6,9,4,2,5,3,1,
1,9,1,3,2,6,4,
1,6,2,9,1,3,4,7,8,5,
1,1,3,2,4,6,9,7,8,5,
1,7,8,3,1,6,4,5,9,2,
2,7,8,5,9,6,4,3,1,2,
1,1,6,9,4,8,7,5,3,2,
2,9,1,2,6,
1,2,5,4,
1,7,2,8,6,4,9,1,3,5,
1,3,1,4,6,2,
1,1,3,6,4,7,8,9,2,5,
1,2,6,4,1,
2,6,7,1,
1,1,3,4,5,6,9,
1,1,3,7,8,9,
1,3,1,6,9,2,4,5,7,8,
1,6,3,7,1,
4,3,7,8,
4,7,8,5,6,4,1,3,9,2,
1,4,1,3,2,6,9,
3,8,1,3,
7,2,9,1,
2,9,7,2,
1,1,3,6,5,9,4,2,7,8,
1,4,7,8,5,6,9,3,1,2,
1,7,8,4,1,3,5,
2,7,8,2,3,
5,1,7,3,
1,6,1,3,9,7,8,
1,3,1,9,4,6,7,8,5,2,
1,7,8,1,3,6,2,
1,7,5,2,
1,6,1,3,4,9,
2,1,3,9,8,7,5,2,
2,8,1,
5,1,2,6,
1,6,1,9,3,7,8,
2,1,2,3,9,6,
1,7,8,6,3,1,5,
1,7,5,8,6,4,
1,3,9,2,
1,8,7,3,1,6,9,4,
6,7,8,5,6,
1,8,7,1,3,6,9,4,5,2,
1,6,1,2,3,9,4,
1,2,1,3,4,5,
1,3,1,9,6,4,7,8,
1,2,3,1,6,4,9,
1,7,8,5,4,6,3,1,
1,2,8,7,
1,6,1,9,7,8,4,2,3,5,
1,7,8,3,6,1,9,
1,7,8,5,6,1,3,9,4,2,
1,9,3,1,4,
1,1,7,8,3,9,6,5,4,2,
1,7,8,4,6,5,9,1,3,2,
6,1,6,9,
2,3,7,9,
1,7,9,6,1,
1,2,4,1,3,
7,7,8,6,4,
1,1,8,7,3,5,9,2,
3,8,7,6,4,
2,3,1,2,4,6,
2,7,9,8,
1,1,7,3,8,6,
4,6,9,1,
4,6,1,2,
1,7,8,1,3,2,4,6,9,5,
1,1,3,2,4,9,8,7,6,5,
1,7,8,9,6,4,1,3,5,2,
1,7,8,6,9,3,1,2,4,5,
1,7,6,3,1,8,9,
1,7,8,5,4,9,6,3,2,1,
1,1,2,8,3,9,
1,2,9,4,3,
3,1,2,7,
15,3,1,6,
3,8,7,6,9,
1,7,8,3,6,9,
1,3,1,2,8,7,
1,2,7,9,6,4,
2,3,2,6,
1,7,3,6,1,8,9,5,4,2,
1,9,1,3,7,8,
1,4,9,
1,6,3,1,7,
2,8,4,
1,7,1,8,3,6,4,9,2,5,
1,1,6,8,3,
18,1,2,
1,8,7,5,9,6,4,1,3,2,
9,9,2,6,
3,1,8,3,7,
3,1,3,7,9,
1,8,9,4,
6,2,6,9,4,
1,9,2,3,
1,8,4,6,3,7,9,1,2,5,
2,7,8,3,1,5,9,6,4,2,
2,6,1,2,3,9,
1,7,8,5,9,3,1,4,2,6,
2,1,9,2,
1,6,8,7,4,5,9,3,1,2,
1,1,3,9,2,4,6,8,7,5,
1,1,3,7,2,6,5,9,4,8,
1,1,3,9,8,7,4,6,
1,2,1,6,4,
1,7,4,6,8,
1,2,3,4,6,9,
1,1,3,2,4,9,
1,9,7,8,1,3,2,4,6,5,
1,2,9,4,6,3,1,8,7,5,
2,4,2,
34,7,
9,2,3,9,
1,1,3,9,2,6,4,5,7,8,
6,1,2,9,
2,8,6,
2,6,8,9,
1,7,8,6,3,1,9,4,5,2,
4,2,6,9,1,
1,9,3,2,
1,4,5,2,
2,1,2,3,9,4,6,
1,2,6,9,4,1,3,
2,6,2,1,3,
3,6,9,7,
3,8,7,1,3,9,6,4,5,2,
6,7,6,
1,1,8,2,3,4,6,7,9,5,
1,6,1,4,2,
1,8,7,4,5,
1,6,8,1,4,
1,9,6,3,7,4,
1,7,8,1,9,3,6,4,5,2,
3,9,4,1,
1,1,3,6,9,2,
3,7,1,3,8,
3,6,4,3,
1,7,8,4,5,1,3,6,9,
1,1,2,6,7,
1,1,7,2,
1,8,7,5,4,6,9,3,1,2,
1,3,1,4,6,8,7,9,2,5,
1,1,2,3,4,6,9,5,7,8,
1,9,2,1,3,6,8,7,4,5,
1,1,3,7,9,8,6,5,4,
1,6,7,9,2,1,3,8,
2,9,2,1,3,4,6,7,8,5,
17,2,4,6,
1,3,1,9,6,2,
3,6,7,9,
1,3,6,4,
1,5,1,3,7,8,
1,1,5,7,
3,7,8,4,3,
1,7,8,5,3,9,6,1,4,2,
1,7,1,8,3,6,9,4,5,2,
2,9,2,4,
1,6,1,9,4,
1,1,4,8,
1,7,8,5,3,6,1,
1,8,3,6,
1,2,4,5,9,6,1,3,7,8,
1,1,3,5,4,2,
1,1,3,6,9,2,4,7,8,5,
1,7,8,6,9,3,1,2,
2,8,7,4,6,
1,3,1,9,2,4,5,6,7,8,
1,9,5,7,
6,9,1,2,
1,8,7,5,3,1,4,6,9,2,
1,7,8,4,5,6,
3,8,7,9,1,3,
1,7,8,1,3,9,4,5,
2,1,3,4,2,
1,6,1,3,2,9,4,7,8,5,
3,1,3,2,9,6,4,5,7,8,
1,3,2,1,6,9,4,5,7,8,
1,8,6,5,1,7,3,9,4,2,
1,4,6,9,5,1,2,3,7,8,
1,8,7,5,3,1,6,9,4,2,
1,8,7,9,3,1,5,6,4,2,
2,2,1,3,9,6,4,7,8,5,
6,1,4,
1,4,5,9,
2,5,9,
1,7,8,6,5,3,1,9,
1,3,9,7,
1,6,9,4,7,1,5,8,3,2,
1,1,8,3,
1,8,7,5,6,4,3,1,2,
1,8,7,6,4,5,
1,3,1,4,8,
1,2,7,5,1,6,
1,4,6,7,8,3,1,9,
1,6,7,8,9,
1,6,1,9,3,
1,7,9,3,6,
1,8,1,7,9,
1,7,8,6,2,1,3,5,4,9,
2,8,7,2,
2,6,2,7,
33,7,8,9,
1,9,5,4,6,
4,7,8,1,3,5,
1,7,1,5,
1,7,8,6,4,3,1,5,9,2,
1,6,9,1,3,2,4,
1,2,7,9,8,6,1,3,
2,2,4,6,9,3,1,7,8,5,
1,7,3,1,8,4,
1,8,7,6,3,1,9,4,5,2,
1,3,8,6,4,
1,9,2,1,4,
1,7,8,5,9,6,4,3,2,1,
1,6,9,8,
1,7,8,5,6,4,3,1,9,
2,1,3,2,9,6,4,
1,7,6,8,5,1,9,
385,7,8,
1,1,3,9,7,8,4,
14,4,
57,2,9,
1,7,8,3,1,9,6,
5,7,8,1,3,9,6,4,5,2,
1,2,1,4,6,9,
2,7,8,3,1,9,6,4,
12,9,6,4,
3,6,7,
11,9,6,
1,3,2,1,6,
2,1,2,8,
4,6,2,9,
2,2,9,6,3,1,
2,7,9,
1,6,9,1,3,2,
1,6,1,2,7,
1,2,9,5,
1,1,3,5,4,2,6,7,8,9,
1,8,7,3,1,9,4,6,5,2,
66,1,3,9,
1,7,8,5,9,6,3,1,4,2,
1,3,5,1,4,7,8,6,9,2,
1,1,3,5,4,6,9,7,8,2,
1,6,8,9,5,1,3,2,4,
1,2,6,9,5,
1,9,7,3,8,1,6,4,2,5,
14,2,3,
1,6,1,3,4,5,7,8,9,2,
1,8,1,6,7,2,3,9,4,5,
1,1,2,9,3,6,4,
1,6,7,8,1,5,9,4,
1,7,8,5,1,6,3,4,9,2,
1,3,7,2,6,
1,2,6,3,1,9,4,
48,7,8,1,3,
2,7,6,9,
3,2,3,1,9,4,6,
1,1,3,4,9,5,7,8,6,2,
1,5,3,1,6,4,9,
1,3,1,9,2,6,4,
1,1,2,4,7,
1,8,7,9,6,1,3,4,5,2,
12,1,7,
21,8,7,3,
1,1,3,2,9,6,4,5,8,7,
1,8,7,6,1,3,9,4,5,2,
1,7,5,1,3,4,9,8,2,6,
1,5,8,7,6,4,9,3,1,2,
1,1,3,6,8,7,9,4,2,5,
1,1,7,8,4,
1,1,3,4,9,2,
1,7,8,1,3,9,4,6,5,2,
1,3,7,1,
2,1,2,3,6,
1,6,9,4,1,2,3,5,7,8,
5,2,9,6,4,
1,3,1,2,6,4,9,
1,2,5,
3,4,1,
1,2,6,8,
1,3,1,5,9,2,6,
44,1,3,6,
1,1,8,7,6,3,4,5,2,9,
1,1,3,9,4,7,8,
1,8,7,1,3,5,9,6,4,2,
1,5,7,1,
2,7,8,1,3,9,6,5,4,2,
2,1,9,6,
1,8,7,1,3,9,5,6,4,2,
21,3,1,9,
1,8,4,6,
1,2,4,3,
1,6,9,1,2,
1,3,1,8,7,9,6,
1,1,7,9,3,4,8,
1,2,1,4,7,6,
1,2,1,3,6,9,4,7,8,5,
1,7,1,8,3,4,6,9,5,2,
1,7,8,3,1,6,9,4,2,5,
15,9,1,3,
7,1,7,3,8,
1,9,2,3,1,
1,9,8,7,4,5,6,3,2,1,
1,2,4,6,9,1,3,5,7,8,
1,3,2,1,5,9,4,6,7,8,
1,1,3,9,6,4,7,2,8,5,
1,8,7,3,1,6,5,9,4,2,
3,6,2,4,
2,7,8,6,4,5,9,3,1,2,
1,2,4,6,1,3,
5,7,1,3,
1,1,3,7,8,4,6,9,2,5,
1,5,7,8,9,1,3,4,6,2,
2,7,8,5,4,6,9,1,3,2,
1,1,3,4,6,2,7,9,8,5,
14,2,6,9,
1,3,8,1,2,7,9,6,4,5,
1,6,2,1,9,3,7,8,5,4,
1,7,8,3,1,4,9,6,
1,8,7,3,1,5,9,
1,1,3,9,6,4,2,7,8,5,
1,8,7,5,6,9,3,
1,8,7,5,3,1,6,4,2,9,
1,5,4,1,
1,9,2,6,3,1,
1,7,8,1,3,9,5,2,4,
1,1,3,7,8,4,5,6,9,
3,2,4,9,6,
1,1,3,4,7,8,
2,8,3,7,
2,7,5,8,4,1,3,6,9,2,
1,6,9,4,5,2,1,3,7,8,
1,1,7,8,3,9,6,4,5,2,
44,9,
3,3,2,1,9,
1,8,7,5,9,3,1,2,
4,7,3,
1,7,8,5,9,3,1,6,4,
1,1,3,4,6,9,5,7,8,2,
1,1,7,3,8,9,4,6,5,2,
1,2,1,3,9,4,
1,6,3,
1,1,3,6,7,8,2,9,4,5,
17,1,3,5,
1,6,5,2,4,9,
1,9,1,8,7,6,3,4,2,5,
1,2,1,3,7,
1,7,1,2,3,9,8,5,4,6,
1,2,4,3,1,6,
2,2,1,3,4,5,6,7,8,9,
2,1,3,8,7,6,
2,7,8,1,3,6,
15,8,7,9,
1,4,3,1,
1,7,9,3,
2,2,9,3,1,4,6,5,7,8,
1,6,2,9,7,8,4,1,3,
13,1,3,8,
28,2,9,6,
3,8,7,5,6,4,9,3,1,2,
1,8,7,1,3,5,
1,3,1,2,6,9,
1,1,2,3,6,4,
1,7,9,8,4,
14,2,3,1,
1,7,8,1,6,3,5,4,2,9,
1,7,8,9,6,5,4,3,1,2,
1,5,7,8,4,
1,1,5,3,9,
1,7,8,5,6,4,9,1,3,2,
14,8,7,1,3,
1,7,9,8,5,6,3,4,1,2,
1,4,1,6,7,3,8,9,5,2,
1,2,1,9,3,6,
1,5,6,8,
1,1,3,2,8,
1,1,3,2,9,4,6,
1,1,2,3,6,9,4,5,7,8,
1,7,6,9,1,8,
1,8,3,2,9,7,1,6,
1,4,6,2,9,
1,9,6,2,3,
1,6,4,1,3,9,8,7,5,2,
2,8,3,
1,6,7,1,2,3,4,5,8,9,
1,8,7,1,3,6,4,
5,4,6,9,
29,3,1,4,
10,7,8,5,4,
1,1,3,8,6,
1,8,9,1,6,
1,4,3,6,1,9,2,
1,1,3,9,2,4,
15,2,1,3,9,
1,2,4,9,1,3,5,8,6,7,
1,8,3,1,7,
1,2,1,3,9,6,4,5,7,8,
1,3,6,
4,2,6,1,3,
2,2,1,3,4,9,6,
32,1,2,3,
5,7,1,
5,7,8,2,
1,1,3,9,2,4,6,7,8,5,
1,1,9,2,3,7,6,5,4,8,
1,7,8,6,4,3,1,9,
1,7,5,6,8,
10,1,2,3,9,
1,5,1,3,
1,3,1,4,6,9,5,2,8,7,
2,7,5,8,6,
1,2,1,9,6,3,4,7,8,5,
1,7,8,3,1,5,6,2,9,4,
1,9,2,4,6,
2,7,1,3,6,
1,8,7,9,1,3,2,5,4,6,
1,6,2,3,9,
1,7,4,
1,7,1,3,8,9,5,2,6,4,
1,2,1,4,3,9,
1,8,7,9,6,3,1,5,4,2,
1,7,8,6,1,3,4,9,5,2,
2,5,6,
1,1,6,7,
1,1,3,9,7,8,6,5,4,2,
1,1,7,9,
3,3,4,1,
1,7,8,4,6,1,3,9,5,2,
1,1,3,2,9,4,8,7,5,6,
4,8,7,5,9,
3,2,9,6,1,
1,7,6,3,1,9,
1,7,6,1,9,8,2,
1,4,6,3,9,8,1,7,2,5,
1,2,3,4,1,6,9,
1,7,8,4,6,5,1,9,3,2,
11,8,7,1,3,9,
1,3,2,9,6,7,
8,7,1,8,
1,9,5,6,
1,1,8,7,9,3,
2,6,7,8,2,
1,7,8,5,6,9,4,3,1,2,
1,6,2,3,1,
1,6,8,2,
1,3,1,6,4,
1,1,6,9,3,2,4,7,8,5,
1,1,9,3,4,
6,7,8,1,3,9,
1,8,7,3,1,4,6,9,5,2,
6,9,3,1,
1,2,7,9,6,
1,2,1,4,9,
1,9,6,7,8,
1,3,6,4,9,1,
39,8,7,5,
1,9,7,8,6,3,1,5,2,4,
2,8,6,7,
1,6,3,1,4,
1,6,9,7,2,
1,6,9,3,1,4,2,7,8,5,
1,8,7,3,6,
1,3,7,8,1,5,4,6,2,9,
1,8,7,6,4,1,3,9,5,2,
1,3,1,9,6,4,2,7,8,5,
1,6,2,9,1,7,8,3,4,5,
1,1,3,7,9,8,
2,7,8,6,5,
1,7,2,8,6,9,
3,8,7,5,3,
1,9,8,1,
1,7,8,1,2,4,
4,6,3,1,
1,6,1,9,2,
1,1,3,2,4,9,6,5,7,8,
2,3,1,2,4,
1,2,6,4,5,
1,7,8,6,9,4,3,1,5,2,
1,1,6,3,2,4,
1,9,3,4,6,1,2,8,7,5,
1,3,6,1,
1,1,3,7,6,8,2,4,9,5,
1,7,8,4,1,3,5,6,9,2,
2,6,2,9,3,
5,1,2,9,3,
1,8,7,4,6,9,5,2,1,3,
1,8,7,6,5,4,2,
1,1,4,9,2,
1,2,1,3,9,6,
1,8,7,1,2,
1,1,3,4,5,6,9,8,7,2,
1,7,8,4,1,3,9,
1,3,1,2,9,4,
2,7,1,4,
2,9,1,6,3,4,7,8,2,5,
1,7,8,2,9,
1,7,8,4,6,9,5,1,3,2,
1,6,1,3,9,4,7,8,5,2,
9,1,6,3,
1,1,6,8,9,
2,3,1,9,6,4,
1,8,7,1,3,6,4,9,5,2,
1,8,7,1,2,3,4,5,6,9,
1,2,1,3,6,9,7,8,4,5,
1,7,8,9,6,3,4,5,2,1,
1,9,6,8,
1,7,8,3,1,5,6,9,4,2,
1,2,3,8,9,6,4,7,5,1,
1,7,8,6,1,3,9,4,5,2,
7,6,4,
1,7,8,1,3,6,9,5,4,2,
9,6,4,9,
1,1,7,8,3,9,4,2,5,6,
1,1,3,6,4,9,8,7,5,2,
1,3,1,9,2,4,6,5,7,8,
1,3,1,5,2,6,9,7,8,4,
2,1,9,2,3,
1,4,9,3,
3,8,7,6,5,
1,7,2,8,3,
1,5,1,
1,3,1,7,9,
1,1,3,2,6,4,
31,6,
1,1,9,6,3,
1,3,9,4,
1,1,4,9,
2,5,6,4,
1,8,5,7,9,1,3,4,6,2,
3,1,3,4,6,9,
5,7,8,5,6,4,9,3,1,2,
6,1,6,
1,2,6,4,9,1,3,
2,1,9,4,
2,2,3,9,1,6,4,
1,1,6,4,2,9,8,
1,5,6,4,9,7,8,3,1,2,
1,7,8,1,3,5,9,
1,1,3,9,8,7,6,
1,9,3,1,6,7,8,
24,3,1,7,
3,5,4,6,
2,2,1,3,9,4,6,
1,1,6,3,9,4,
1,1,3,7,6,9,
1,2,3,1,5,
49,3,
1,1,2,9,7,
1,1,2,4,5,3,6,9,7,8,
1,9,3,1,4,6,7,5,8,2,
1,8,7,9,5,1,3,4,6,2,
1,7,8,1,4,3,
1,3,7,8,9,6,5,4,1,2,
1,1,6,7,8,
4,9,3,1,2,
1,6,7,2,1,
1,6,1,7,9,
1,8,3,9,6,1,7,4,2,5,
2,1,6,2,3,
1,7,8,5,4,6,9,3,1,2,
1,8,7,3,9,6,1,5,4,2,
1,8,7,5,1,3,6,4,9,2,
2,8,7,1,9,
13,3,1,2,
1,2,6,9,1,3,
1,3,1,2,9,6,4,
1,3,2,1,9,4,6,
4,9,8,7,
1,9,3,7,
1,1,3,4,8,9,
1,1,5,6,
1,7,8,6,9,1,
1,7,8,5,9,3,1,2,4,6,
8,6,2,1,
1,4,1,5,3,2,
1,5,4,7,8,
1,8,7,1,6,9,
3,6,1,3,
1,1,2,3,5,
1,9,7,1,
4,9,4,6,
1,1,8,2,7,5,3,9,4,
1,6,2,9,3,1,4,5,7,8,
1,9,1,3,2,4,6,7,8,5,
2,1,3,9,8,7,
6,3,1,9,6,
1,6,1,8,3,
1,1,2,3,4,6,9,8,7,5,
1,2,4,6,1,3,9,7,8,5,
1,1,3,6,9,4,5,2,7,8,
1,6,9,7,8,4,
25,8,7,3,1,
1,2,4,9,1,3,6,5,7,8,
6,1,3,9,2,
2,7,6,8,
1,7,8,5,1,3,9,
2,8,2,7,6,
1,8,7,6,1,
2,8,7,5,9,6,4,3,1,2,
1,8,7,3,5,
1,1,9,2,3,4,5,7,8,6,
1,3,7,1,2,8,
1,2,9,1,6,
1,2,9,1,6,3,4,
1,7,8,9,1,3,6,4,5,2,
1,3,1,9,2,
1,9,7,3,
1,7,8,5,1,3,4,6,9,2,
1,2,6,1,4,
1,3,1,7,4,6,5,8,9,2,
1,1,2,3,4,6,9,
3,1,2,3,6,9,4,
1,2,3,1,4,5,
1,8,7,3,5,1,9,6,4,2,
1,2,6,1,9,
1,2,1,3,4,6,9,
1,7,3,1,8,
1,1,3,6,8,7,9,
1,1,7,8,3,
1,2,9,3,1,6,4,5,7,8,
6,2,4,9,
1,8,7,9,6,3,1,2,4,5,
2,8,7,5,6,4,
24,9,2,
1,1,3,9,2,6,4,7,8,5,
1,9,2,1,3,6,4,8,7,5,
9,6,9,4,
5,9,1,6,
1,1,3,9,2,4,5,6,7,8,
1,7,9,6,8,
1,8,7,1,3,4,5,6,9,2,
1,9,2,1,6,7,
1,1,9,3,4,6,2,5,7,8,
5,1,3,4,9,
1,6,7,8,3,1,9,
1,1,6,9,3,2,
2,2,3,6,1,9,
1,7,6,8,3,
1,8,7,3,1,5,9,6,4,
2,5,8,
2,8,7,6,1,3,
2,7,8,9,1,3,
1,4,2,1,
15,3,1,7,8,
3,7,8,5,1,3,
5,9,7,
4,8,3,1,
1,5,4,6,7,8,9,
5,2,6,7,
1,3,1,6,2,9,
1,7,8,3,6,9,1,4,2,5,
2,3,1,2,9,
16,1,3,2,9,
1,8,2,3,9,
1,1,9,3,6,4,5,2,8,7,
3,8,1,7,3,
2,8,3,7,1,
10,2,9,3,
1,1,8,7,3,9,6,4,5,2,
1,6,2,3,7,8,9,4,1,5,
1,9,7,6,4,
172,3,1,
1,6,4,9,1,2,
1,6,3,1,9,
1,8,7,5,1,3,4,6,9,2,
1,6,7,8,3,
7,2,1,4,
3,9,3,
1,3,1,2,7,
1,4,6,1,9,3,2,8,7,5,
9,6,2,
1,8,9,7,3,1,5,2,4,6,
1,5,7,8,4,6,9,3,1,2,
1,7,8,6,3,1,
1,7,8,4,6,9,3,1,2,5,
1,1,4,7,
8,1,8,
1,1,4,3,
2,2,6,4,9,
1,2,9,1,3,6,4,7,8,5,
1,8,7,9,5,6,3,1,4,2,
1,2,9,6,5,
1,9,7,3,1,5,6,8,4,2,
2,2,9,6,4,3,1,
1,5,7,8,4,6,
3,9,4,
5,2,1,9,3,
1,6,2,9,1,3,4,5,8,7,
1,3,1,5,4,6,7,8,9,2,
1,3,1,9,2,6,4,8,7,5,
1,9,6,4,3,1,2,7,8,5,
1,6,7,8,5,9,1,3,4,2,
2,9,6,2,1,3,
2,1,7,9,4,
2,7,8,5,9,
1,7,5,8,6,4,9,3,1,2,
4,2,3,6,
1,7,1,3,5,8,
3,2,9,1,3,
2,3,1,9,4,
1,8,4,1,
1,6,8,1,
2,8,9,
1,1,6,3,9,
1,8,1,7,6,3,
1,6,8,7,1,
1,6,3,7,4,
1,3,9,8,
1,2,1,3,6,4,9,
4,8,7,5,6,
1,1,3,2,6,4,5,7,8,9,
1,6,9,3,4,
1,7,8,4,9,6,3,1,5,2,
2,9,7,8,
1,5,8,7,6,9,1,3,4,
1,9,5,3,7,2,8,1,4,6,
1,1,3,7,8,6,5,4,
2,7,2,
1,7,9,1,
1,1,3,4,2,6,
1,8,7,9,5,6,1,3,4,2,
1,3,1,6,4,8,7,9,5,2,
1,8,7,3,1,5,9,2,4,6,
5,9,6,1,
1,7,8,5,6,4,9,2,3,1,
2,2,3,9,6,
1,6,1,7,8,3,4,5,9,2,
1,7,8,5,6,3,1,9,4,2,
8,6,9,2,
1,6,1,9,3,4,8,7,5,2,
1,7,8,4,5,9,6,1,3,2,
1,2,3,4,1,
2,5,7,9,
2,1,3,2,9,6,
2,8,7,5,4,
1,1,2,5,
1,1,8,6,
1,2,1,3,6,9,4,5,7,8,
1,1,3,8,9,
2,2,9,6,3,
2,7,8,9,1,3,6,4,
6,3,2,1,
1,2,1,4,6,9,3,5,8,7,
1,7,8,1,3,5,9,6,4,2,
1,1,5,7,2,
1,2,6,4,1,3,
1,2,4,5,
2,8,5,7,
2,5,7,
1,3,6,9,
1,9,6,3,1,2,4,8,7,5,
1,7,8,6,4,9,5,3,1,2,
2,7,8,6,5,4,
1,1,3,4,6,5,2,7,9,8,
2,8,9,7,
1,9,2,1,3,4,6,
1,7,1,3,4,
5,8,7,5,6,4,9,1,3,2,
23,7,8,4,
3,1,8,7,
1,6,9,4,3,2,
1,3,7,6,4,5,1,9,2,8,
1,1,7,8,3,4,
4,7,5,
1,6,7,8,1,3,9,
1,7,8,4,9,5,1,6,3,2,
1,3,1,2,5,9,
1,9,1,7,
1,7,6,3,
3,7,3,8,
3,7,8,9,6,
1,6,7,8,1,4,3,9,5,2,
1,3,8,7,1,9,6,5,4,2,
1,9,5,8,
2,3,7,4,
1,1,3,9,7,
1,8,7,5,9,6,1,
1,1,8,6,7,3,9,
1,7,8,6,4,9,5,1,3,2,
1,7,8,1,4,3,9,6,2,
1,2,6,9,3,1,4,
2,3,4,5,
1,1,3,9,6,4,8,7,5,2,
1,3,4,9,1,
1,8,7,3,1,5,6,4,9,2,
1,2,3,6,9,
1,1,6,9,2,3,4,7,8,5,
3,1,2,3,4,5,6,7,8,9,
1,1,6,3,9,5,2,7,8,4,
1,1,2,3,9,4,
1,1,3,4,8,7,
1,6,7,8,1,3,
43,1,3,2,
37,2,1,3,
1,8,7,9,1,3,6,5,4,2,
1,2,9,4,1,3,6,5,7,8,
2,1,3,9,6,2,
27,7,8,3,
5,7,8,4,6,
1,8,7,9,6,3,1,4,2,5,
2,3,1,2,9,6,
1,7,1,2,8,9,3,
1,7,8,9,1,5,
1,3,1,7,8,2,4,6,9,5,
10,1,9,
20,2,1,
6,6,1,
6,9,1,3,2,
1,9,1,4,6,
1,6,7,8,1,
1,7,1,9,
1,2,5,9,4,6,1,3,7,8,
1,2,4,6,1,
1,8,7,1,3,2,
1,6,8,7,9,5,3,1,2,4,
4,6,1,7,
1,1,3,2,9,6,4,7,8,5,
1,2,9,3,4,
2,3,1,9,7,
1,7,1,8,3,9,6,4,2,5,
1,9,2,4,1,3,6,5,7,8,
1,2,3,5,9,
6,1,7,8,
2,2,6,7,9,
1,1,2,3,5,6,
1,1,6,9,4,3,
1,7,6,1,8,3,
1,3,1,6,5,2,4,7,8,9,
1,6,9,4,5,
1,9,5,
1,7,8,3,1,6,9,4,5,2,
1,1,7,8,9,6,5,3,4,2,
185,8,7,
1,3,1,7,8,6,4,2,9,5,
5,2,9,4,6,
2,7,8,6,5,1,3,9,4,2,
1,8,7,9,6,4,3,1,5,2,
1,3,4,6,
1,7,8,9,5,6,4,1,3,2,
2,9,2,1,3,6,4,
5,2,6,3,
1,2,4,1,
1,7,8,4,3,1,
1,8,7,1,3,5,9,4,6,2,
1,1,4,6,
1,7,5,1,4,3,8,9,6,2,
1,6,2,1,9,
1,1,7,8,3,5,9,4,6,2,
1,1,9,3,6,4,
1,7,8,1,3,9,5,4,
1,7,3,8,1,4,5,6,9,2,
2,6,7,8,5,
2,7,8,5,4,6,
2,1,3,4,6,7,8,9,2,5,
1,7,1,8,3,9,
1,1,3,5,7,8,9,6,4,2,
1,1,7,5,6,
1,1,3,5,9,8,7,4,
1,6,5,
1,1,3,2,4,5,6,7,8,9,
347,1,3,
1,1,8,7,3,
1,8,3,7,1,2,9,4,5,6,
1,1,2,4,
2,1,6,4,
1,2,3,1,6,
2,6,7,2,
2,7,8,9,5,6,4,3,1,2,
1,3,6,9,1,
4,7,6,1,
1,3,1,4,2,9,
2,8,2,6,
1,8,7,9,6,4,5,3,1,2,
1,8,7,6,5,4,9,3,1,2,
1,6,2,3,4,
6,6,8,7,
3,7,8,5,1,
3,9,8,
1,1,7,3,8,9,5,
1,8,7,6,9,4,3,1,2,5,
2,6,9,4,1,
1,5,7,8,3,
4,9,1,3,6,
1,7,9,2,8,1,3,4,6,5,
1,6,3,1,4,9,7,8,2,5,
2,7,8,3,1,9,
2,6,1,9,
2,1,3,4,8,
1,8,7,1,4,
4,1,2,9,6,
54,7,8,5,
3,8,1,7,
4,3,7,
2,6,4,1,
1,7,1,2,8,
1,9,7,8,6,5,3,1,2,4,
1,4,7,8,3,
1,7,8,3,1,4,6,9,
1,9,4,6,2,
1,6,2,9,1,3,
1,7,2,9,8,
1,6,1,3,4,8,
2,5,1,6,
1,1,3,5,7,8,
1,8,1,3,9,
2,4,7,8,
"Candidate 1","Francesca Brennan","Labour (Lab)",
"Candidate 2","Graeme Brooks","Conservative and Unionist Party (Con)",
"Candidate 3","Jim Clocherty","Labour (Lab)",
"Candidate 4","John Davidson","The Pensioner's Party (TPP)",
"Candidate 5","Philomena Donnachie","Alba Party for Independence (API)",
"Candidate 6","Gillian Maxwell","Independent (Ind)",
"Candidate 7","Elizabeth Robertson","Scottish National Party (SNP)",
"Candidate 8","Jenn Scott-Mcclafferty","Scottish National Party (SNP)",
"Candidate 9","Jacci Stoyle","Liberal Democrat (LD)",
"Ward 4 - Inverclyde North",